"batch_id","run_id","jcm","ccrs_mode","file","line","mase_run_id","archive_id","capture_source","type","timestamp","archived_at","captured_at","agent","cell","graph","transaction_id","trigger","status"
"baseline-vs-ccrs-v1","002-ccrs","dfs_ccrs.jcm","both","mase-events.jsonl","4935","run-2026-05-24T12-07-23-157Z","6418870","unknown","AGENT_MOVED","1779624684262","1779624684284",,"http://127.0.1.1:8080/agents/dfs_ccrs_1","http://127.0.1.1:8080/cells/0",,"-1",,
"baseline-vs-ccrs-v1","002-ccrs","dfs_ccrs.jcm","both","mase-events.jsonl","4936","run-2026-05-24T12-07-23-157Z","6418871","unknown","TRANSACTION","1779624684264","1779624684284",,"dfs_ccrs_1",,"http://127.0.1.1:8080/cells/0","5216","POST","COMMITTED"
"baseline-vs-ccrs-v1","002-ccrs","dfs_ccrs.jcm","both","mase-events.jsonl","4937","run-2026-05-24T12-07-23-157Z","6418872","unknown","AGENT_MOVED","1779624684424","1779624684430",,"http://127.0.1.1:8080/agents/dfs_ccrs_1","http://127.0.1.1:8080/cells/0/2",,"-1",,
"baseline-vs-ccrs-v1","002-ccrs","dfs_ccrs.jcm","both","mase-events.jsonl","4938","run-2026-05-24T12-07-23-157Z","6418873","unknown","TRANSACTION","1779624684434","1779624684450",,"dfs_ccrs_1",,"http://127.0.1.1:8080/cells/0/2","5217","POST","COMMITTED"
"baseline-vs-ccrs-v1","002-ccrs","dfs_ccrs.jcm","both","mase-events.jsonl","4939","run-2026-05-24T12-07-23-157Z","6418874","unknown","AGENT_MOVED","1779624684585","1779624684601",,"http://127.0.1.1:8080/agents/dfs_ccrs_1","http://127.0.1.1:8080/cells/1/2",,"-1",,
"baseline-vs-ccrs-v1","002-ccrs","dfs_ccrs.jcm","both","mase-events.jsonl","4940","run-2026-05-24T12-07-23-157Z","6418875","unknown","TRANSACTION","1779624684587","1779624684601",,"dfs_ccrs_1",,"http://127.0.1.1:8080/cells/1/2","5218","POST","COMMITTED"
"baseline-vs-ccrs-v1","002-ccrs","dfs_ccrs.jcm","both","mase-events.jsonl","4941","run-2026-05-24T12-07-23-157Z","6418876","unknown","AGENT_MOVED","1779624684730","1779624684755",,"http://127.0.1.1:8080/agents/dfs_ccrs_1","http://127.0.1.1:8080/cells/2/2",,"-1",,
"baseline-vs-ccrs-v1","002-ccrs","dfs_ccrs.jcm","both","mase-events.jsonl","4942","run-2026-05-24T12-07-23-157Z","6418877","unknown","TRANSACTION","1779624684732","1779624684755",,"dfs_ccrs_1",,"http://127.0.1.1:8080/cells/2/2","5219","POST","COMMITTED"
"baseline-vs-ccrs-v1","002-ccrs","dfs_ccrs.jcm","both","mase-events.jsonl","4943","run-2026-05-24T12-07-23-157Z","6418878","unknown","AGENT_MOVED","1779624684875","1779624684881",,"http://127.0.1.1:8080/agents/dfs_ccrs_1","http://127.0.1.1:8080/cells/3/2",,"-1",,
"baseline-vs-ccrs-v1","002-ccrs","dfs_ccrs.jcm","both","mase-events.jsonl","4944","run-2026-05-24T12-07-23-157Z","6418879","unknown","TRANSACTION","1779624684885","1779624684897",,"dfs_ccrs_1",,"http://127.0.1.1:8080/cells/3/2","5220","POST","COMMITTED"
"baseline-vs-ccrs-v1","002-ccrs","dfs_ccrs.jcm","both","mase-events.jsonl","4945","run-2026-05-24T12-07-23-157Z","6418880","unknown","AGENT_MOVED","1779624685018","1779624685035",,"http://127.0.1.1:8080/agents/dfs_ccrs_1","http://127.0.1.1:8080/cells/4/2",,"-1",,
"baseline-vs-ccrs-v1","002-ccrs","dfs_ccrs.jcm","both","mase-events.jsonl","4946","run-2026-05-24T12-07-23-157Z","6418881","unknown","TRANSACTION","1779624685021","1779624685035",,"dfs_ccrs_1",,"http://127.0.1.1:8080/cells/4/2","5221","POST","COMMITTED"
"baseline-vs-ccrs-v1","002-ccrs","dfs_ccrs.jcm","both","mase-events.jsonl","4947","run-2026-05-24T12-07-23-157Z","6418882","unknown","AGENT_MOVED","1779624685154","1779624685166",,"http://127.0.1.1:8080/agents/dfs_ccrs_1","http://127.0.1.1:8080/cells/5/2",,"-1",,
"baseline-vs-ccrs-v1","002-ccrs","dfs_ccrs.jcm","both","mase-events.jsonl","4948","run-2026-05-24T12-07-23-157Z","6418883","unknown","TRANSACTION","1779624685157","1779624685166",,"dfs_ccrs_1",,"http://127.0.1.1:8080/cells/5/2","5222","POST","COMMITTED"
"baseline-vs-ccrs-v1","002-ccrs","dfs_ccrs.jcm","both","mase-events.jsonl","4949","run-2026-05-24T12-07-23-157Z","6418884","unknown","AGENT_MOVED","1779624685285","1779624685300",,"http://127.0.1.1:8080/agents/dfs_ccrs_1","http://127.0.1.1:8080/cells/6/2",,"-1",,
"baseline-vs-ccrs-v1","002-ccrs","dfs_ccrs.jcm","both","mase-events.jsonl","4950","run-2026-05-24T12-07-23-157Z","6418885","unknown","TRANSACTION","1779624685288","1779624685300",,"dfs_ccrs_1",,"http://127.0.1.1:8080/cells/6/2","5223","POST","COMMITTED"
"baseline-vs-ccrs-v1","002-ccrs","dfs_ccrs.jcm","both","mase-events.jsonl","4951","run-2026-05-24T12-07-23-157Z","6418886","unknown","AGENT_MOVED","1779624685414","1779624685436",,"http://127.0.1.1:8080/agents/dfs_ccrs_1","http://127.0.1.1:8080/cells/7/2",,"-1",,
"baseline-vs-ccrs-v1","002-ccrs","dfs_ccrs.jcm","both","mase-events.jsonl","4952","run-2026-05-24T12-07-23-157Z","6418887","unknown","TRANSACTION","1779624685416","1779624685436",,"dfs_ccrs_1",,"http://127.0.1.1:8080/cells/7/2","5224","POST","COMMITTED"
"baseline-vs-ccrs-v1","002-ccrs","dfs_ccrs.jcm","both","mase-events.jsonl","4953","run-2026-05-24T12-07-23-157Z","6418888","unknown","AGENT_MOVED","1779624685551","1779624685567",,"http://127.0.1.1:8080/agents/dfs_ccrs_1","http://127.0.1.1:8080/cells/7/3",,"-1",,
"baseline-vs-ccrs-v1","002-ccrs","dfs_ccrs.jcm","both","mase-events.jsonl","4954","run-2026-05-24T12-07-23-157Z","6418889","unknown","TRANSACTION","1779624685552","1779624685567",,"dfs_ccrs_1",,"http://127.0.1.1:8080/cells/7/3","5225","POST","COMMITTED"
"baseline-vs-ccrs-v1","002-ccrs","dfs_ccrs.jcm","both","mase-events.jsonl","4955","run-2026-05-24T12-07-23-157Z","6418890","unknown","AGENT_MOVED","1779624685697","1779624685719",,"http://127.0.1.1:8080/agents/dfs_ccrs_1","http://127.0.1.1:8080/cells/7/4",,"-1",,
"baseline-vs-ccrs-v1","002-ccrs","dfs_ccrs.jcm","both","mase-events.jsonl","4956","run-2026-05-24T12-07-23-157Z","6418891","unknown","TRANSACTION","1779624685699","1779624685719",,"dfs_ccrs_1",,"http://127.0.1.1:8080/cells/7/4","5226","POST","COMMITTED"
"baseline-vs-ccrs-v1","002-ccrs","dfs_ccrs.jcm","both","mase-events.jsonl","4957","run-2026-05-24T12-07-23-157Z","6418892","unknown","AGENT_MOVED","1779624685829","1779624685833",,"http://127.0.1.1:8080/agents/dfs_ccrs_1","http://127.0.1.1:8080/cells/8/4",,"-1",,
"baseline-vs-ccrs-v1","002-ccrs","dfs_ccrs.jcm","both","mase-events.jsonl","4958","run-2026-05-24T12-07-23-157Z","6418893","unknown","TRANSACTION","1779624685837","1779624685850",,"dfs_ccrs_1",,"http://127.0.1.1:8080/cells/8/4","5227","POST","COMMITTED"
"baseline-vs-ccrs-v1","002-ccrs","dfs_ccrs.jcm","both","mase-events.jsonl","4959","run-2026-05-24T12-07-23-157Z","6418894","unknown","AGENT_MOVED","1779624685981","1779624686001",,"http://127.0.1.1:8080/agents/dfs_ccrs_1","http://127.0.1.1:8080/cells/8/5",,"-1",,
"baseline-vs-ccrs-v1","002-ccrs","dfs_ccrs.jcm","both","mase-events.jsonl","4960","run-2026-05-24T12-07-23-157Z","6418895","unknown","TRANSACTION","1779624685984","1779624686001",,"dfs_ccrs_1",,"http://127.0.1.1:8080/cells/8/5","5228","POST","COMMITTED"
"baseline-vs-ccrs-v1","002-ccrs","dfs_ccrs.jcm","both","mase-events.jsonl","4961","run-2026-05-24T12-07-23-157Z","6418896","unknown","AGENT_MOVED","1779624686121","1779624686135",,"http://127.0.1.1:8080/agents/dfs_ccrs_1","http://127.0.1.1:8080/cells/8/6",,"-1",,
"baseline-vs-ccrs-v1","002-ccrs","dfs_ccrs.jcm","both","mase-events.jsonl","4962","run-2026-05-24T12-07-23-157Z","6418897","unknown","TRANSACTION","1779624686122","1779624686135",,"dfs_ccrs_1",,"http://127.0.1.1:8080/cells/8/6","5229","POST","COMMITTED"
"baseline-vs-ccrs-v1","002-ccrs","dfs_ccrs.jcm","both","mase-events.jsonl","4963","run-2026-05-24T12-07-23-157Z","6418898","unknown","AGENT_MOVED","1779624686268","1779624686286",,"http://127.0.1.1:8080/agents/dfs_ccrs_1","http://127.0.1.1:8080/cells/9/6",,"-1",,
"baseline-vs-ccrs-v1","002-ccrs","dfs_ccrs.jcm","both","mase-events.jsonl","4964","run-2026-05-24T12-07-23-157Z","6418899","unknown","TRANSACTION","1779624686271","1779624686286",,"dfs_ccrs_1",,"http://127.0.1.1:8080/cells/9/6","5230","POST","COMMITTED"
"baseline-vs-ccrs-v1","002-ccrs","dfs_ccrs.jcm","both","mase-events.jsonl","4965","run-2026-05-24T12-07-23-157Z","6418900","unknown","AGENT_MOVED","1779624686407","1779624686415",,"http://127.0.1.1:8080/agents/dfs_ccrs_1","http://127.0.1.1:8080/cells/10/6",,"-1",,
"baseline-vs-ccrs-v1","002-ccrs","dfs_ccrs.jcm","both","mase-events.jsonl","4966","run-2026-05-24T12-07-23-157Z","6418901","unknown","TRANSACTION","1779624686419","1779624686435",,"dfs_ccrs_1",,"http://127.0.1.1:8080/cells/10/6","5231","POST","COMMITTED"
"baseline-vs-ccrs-v1","002-ccrs","dfs_ccrs.jcm","both","mase-events.jsonl","4967","run-2026-05-24T12-07-23-157Z","6418902","unknown","AGENT_MOVED","1779624686550","1779624686569",,"http://127.0.1.1:8080/agents/dfs_ccrs_1","http://127.0.1.1:8080/cells/11/6",,"-1",,
"baseline-vs-ccrs-v1","002-ccrs","dfs_ccrs.jcm","both","mase-events.jsonl","4968","run-2026-05-24T12-07-23-157Z","6418903","unknown","TRANSACTION","1779624686552","1779624686569",,"dfs_ccrs_1",,"http://127.0.1.1:8080/cells/11/6","5232","POST","COMMITTED"
"baseline-vs-ccrs-v1","002-ccrs","dfs_ccrs.jcm","both","mase-events.jsonl","4969","run-2026-05-24T12-07-23-157Z","6418904","unknown","AGENT_MOVED","1779624686698","1779624686718",,"http://127.0.1.1:8080/agents/dfs_ccrs_1","http://127.0.1.1:8080/cells/11/5",,"-1",,
"baseline-vs-ccrs-v1","002-ccrs","dfs_ccrs.jcm","both","mase-events.jsonl","4970","run-2026-05-24T12-07-23-157Z","6418905","unknown","TRANSACTION","1779624686700","1779624686718",,"dfs_ccrs_1",,"http://127.0.1.1:8080/cells/11/5","5233","POST","COMMITTED"
"baseline-vs-ccrs-v1","002-ccrs","dfs_ccrs.jcm","both","mase-events.jsonl","4971","run-2026-05-24T12-07-23-157Z","6418906","unknown","AGENT_MOVED","1779624686862","1779624686885",,"http://127.0.1.1:8080/agents/dfs_ccrs_1","http://127.0.1.1:8080/cells/12/5",,"-1",,
"baseline-vs-ccrs-v1","002-ccrs","dfs_ccrs.jcm","both","mase-events.jsonl","4972","run-2026-05-24T12-07-23-157Z","6418907","unknown","TRANSACTION","1779624686863","1779624686885",,"dfs_ccrs_1",,"http://127.0.1.1:8080/cells/12/5","5234","POST","COMMITTED"
"baseline-vs-ccrs-v1","002-ccrs","dfs_ccrs.jcm","both","mase-events.jsonl","4973","run-2026-05-24T12-07-23-157Z","6418908","unknown","TRANSACTION","1779624699372","1779624699388",,"dfs_ccrs_1",,"http://127.0.1.1:8080/cells/12/5","5235","POST","COMMITTED"
"baseline-vs-ccrs-v1","002-ccrs","dfs_ccrs.jcm","both","mase-events.jsonl","4974","run-2026-05-24T12-07-23-157Z","6418909","unknown","AGENT_MOVED","1779624699491","1779624699510",,"http://127.0.1.1:8080/agents/dfs_ccrs_1","http://127.0.1.1:8080/cells/13/5",,"-1",,
"baseline-vs-ccrs-v1","002-ccrs","dfs_ccrs.jcm","both","mase-events.jsonl","4975","run-2026-05-24T12-07-23-157Z","6418910","unknown","TRANSACTION","1779624699492","1779624699510",,"dfs_ccrs_1",,"http://127.0.1.1:8080/cells/13/5","5236","POST","COMMITTED"
"baseline-vs-ccrs-v1","002-ccrs","dfs_ccrs.jcm","both","mase-events.jsonl","4976","run-2026-05-24T12-07-23-157Z","6418911","unknown","AGENT_MOVED","1779624699615","1779624699627",,"http://127.0.1.1:8080/agents/dfs_ccrs_1","http://127.0.1.1:8080/cells/14/5",,"-1",,
"baseline-vs-ccrs-v1","002-ccrs","dfs_ccrs.jcm","both","mase-events.jsonl","4977","run-2026-05-24T12-07-23-157Z","6418912","unknown","TRANSACTION","1779624699617","1779624699627",,"dfs_ccrs_1",,"http://127.0.1.1:8080/cells/14/5","5237","POST","COMMITTED"
"baseline-vs-ccrs-v1","002-ccrs","dfs_ccrs.jcm","both","mase-events.jsonl","4978","run-2026-05-24T12-07-23-157Z","6418913","unknown","AGENT_MOVED","1779624699741","1779624699762",,"http://127.0.1.1:8080/agents/dfs_ccrs_1","http://127.0.1.1:8080/cells/15/5",,"-1",,
"baseline-vs-ccrs-v1","002-ccrs","dfs_ccrs.jcm","both","mase-events.jsonl","4979","run-2026-05-24T12-07-23-157Z","6418914","unknown","TRANSACTION","1779624699743","1779624699762",,"dfs_ccrs_1",,"http://127.0.1.1:8080/cells/15/5","5238","POST","COMMITTED"
"baseline-vs-ccrs-v1","002-ccrs","dfs_ccrs.jcm","both","mase-events.jsonl","4980","run-2026-05-24T12-07-23-157Z","6418915","unknown","AGENT_MOVED","1779624699877","1779624699891",,"http://127.0.1.1:8080/agents/dfs_ccrs_1","http://127.0.1.1:8080/cells/15/6",,"-1",,
"baseline-vs-ccrs-v1","002-ccrs","dfs_ccrs.jcm","both","mase-events.jsonl","4981","run-2026-05-24T12-07-23-157Z","6418916","unknown","TRANSACTION","1779624699879","1779624699891",,"dfs_ccrs_1",,"http://127.0.1.1:8080/cells/15/6","5239","POST","COMMITTED"
"baseline-vs-ccrs-v1","002-ccrs","dfs_ccrs.jcm","both","mase-events.jsonl","4982","run-2026-05-24T12-07-23-157Z","6418917","unknown","AGENT_MOVED","1779624700010","1779624700025",,"http://127.0.1.1:8080/agents/dfs_ccrs_1","http://127.0.1.1:8080/cells/15/7",,"-1",,
"baseline-vs-ccrs-v1","002-ccrs","dfs_ccrs.jcm","both","mase-events.jsonl","4983","run-2026-05-24T12-07-23-157Z","6418918","unknown","TRANSACTION","1779624700014","1779624700025",,"dfs_ccrs_1",,"http://127.0.1.1:8080/cells/15/7","5240","POST","COMMITTED"
"baseline-vs-ccrs-v1","002-ccrs","dfs_ccrs.jcm","both","mase-events.jsonl","4984","run-2026-05-24T12-07-23-157Z","6418919","unknown","AGENT_MOVED","1779624700150","1779624700175",,"http://127.0.1.1:8080/agents/dfs_ccrs_1","http://127.0.1.1:8080/cells/15/8",,"-1",,
"baseline-vs-ccrs-v1","002-ccrs","dfs_ccrs.jcm","both","mase-events.jsonl","4985","run-2026-05-24T12-07-23-157Z","6418920","unknown","TRANSACTION","1779624700155","1779624700175",,"dfs_ccrs_1",,"http://127.0.1.1:8080/cells/15/8","5241","POST","COMMITTED"
"baseline-vs-ccrs-v1","002-ccrs","dfs_ccrs.jcm","both","mase-events.jsonl","4986","run-2026-05-24T12-07-23-157Z","6418921","unknown","AGENT_MOVED","1779624700287","1779624700309",,"http://127.0.1.1:8080/agents/dfs_ccrs_1","http://127.0.1.1:8080/cells/16/8",,"-1",,
"baseline-vs-ccrs-v1","002-ccrs","dfs_ccrs.jcm","both","mase-events.jsonl","4987","run-2026-05-24T12-07-23-157Z","6418922","unknown","TRANSACTION","1779624700291","1779624700309",,"dfs_ccrs_1",,"http://127.0.1.1:8080/cells/16/8","5242","POST","COMMITTED"
"baseline-vs-ccrs-v1","002-ccrs","dfs_ccrs.jcm","both","mase-events.jsonl","4988","run-2026-05-24T12-07-23-157Z","6418923","unknown","AGENT_MOVED","1779624700422","1779624700441",,"http://127.0.1.1:8080/agents/dfs_ccrs_1","http://127.0.1.1:8080/cells/17/8",,"-1",,
"baseline-vs-ccrs-v1","002-ccrs","dfs_ccrs.jcm","both","mase-events.jsonl","4989","run-2026-05-24T12-07-23-157Z","6418924","unknown","TRANSACTION","1779624700428","1779624700441",,"dfs_ccrs_1",,"http://127.0.1.1:8080/cells/17/8","5243","POST","COMMITTED"
"baseline-vs-ccrs-v1","002-ccrs","dfs_ccrs.jcm","both","mase-events.jsonl","4990","run-2026-05-24T12-07-23-157Z","6418925","unknown","AGENT_MOVED","1779624700554","1779624700575",,"http://127.0.1.1:8080/agents/dfs_ccrs_1","http://127.0.1.1:8080/cells/18/8",,"-1",,
"baseline-vs-ccrs-v1","002-ccrs","dfs_ccrs.jcm","both","mase-events.jsonl","4991","run-2026-05-24T12-07-23-157Z","6418926","unknown","TRANSACTION","1779624700557","1779624700575",,"dfs_ccrs_1",,"http://127.0.1.1:8080/cells/18/8","5244","POST","COMMITTED"
"baseline-vs-ccrs-v1","002-ccrs","dfs_ccrs.jcm","both","mase-events.jsonl","4992","run-2026-05-24T12-07-23-157Z","6418927","unknown","AGENT_MOVED","1779624700679","1779624700692",,"http://127.0.1.1:8080/agents/dfs_ccrs_1","http://127.0.1.1:8080/cells/18/9",,"-1",,
"baseline-vs-ccrs-v1","002-ccrs","dfs_ccrs.jcm","both","mase-events.jsonl","4993","run-2026-05-24T12-07-23-157Z","6418928","unknown","TRANSACTION","1779624700681","1779624700692",,"dfs_ccrs_1",,"http://127.0.1.1:8080/cells/18/9","5245","POST","COMMITTED"
"baseline-vs-ccrs-v1","002-ccrs","dfs_ccrs.jcm","both","mase-events.jsonl","4994","run-2026-05-24T12-07-23-157Z","6418929","unknown","AGENT_MOVED","1779624700807","1779624700813",,"http://127.0.1.1:8080/agents/dfs_ccrs_1","http://127.0.1.1:8080/cells/19/9",,"-1",,
"baseline-vs-ccrs-v1","002-ccrs","dfs_ccrs.jcm","both","mase-events.jsonl","4995","run-2026-05-24T12-07-23-157Z","6418930","unknown","TRANSACTION","1779624700817","1779624700829",,"dfs_ccrs_1",,"http://127.0.1.1:8080/cells/19/9","5246","POST","COMMITTED"
"baseline-vs-ccrs-v1","002-ccrs","dfs_ccrs.jcm","both","mase-events.jsonl","4996","run-2026-05-24T12-07-23-157Z","6418931","unknown","AGENT_MOVED","1779624700926","1779624700943",,"http://127.0.1.1:8080/agents/dfs_ccrs_1","http://127.0.1.1:8080/cells/20/9",,"-1",,
"baseline-vs-ccrs-v1","002-ccrs","dfs_ccrs.jcm","both","mase-events.jsonl","4997","run-2026-05-24T12-07-23-157Z","6418932","unknown","TRANSACTION","1779624700929","1779624700943",,"dfs_ccrs_1",,"http://127.0.1.1:8080/cells/20/9","5247","POST","COMMITTED"
"baseline-vs-ccrs-v1","002-ccrs","dfs_ccrs.jcm","both","mase-events.jsonl","4998","run-2026-05-24T12-07-23-157Z","6418933","unknown","AGENT_MOVED","1779624701056","1779624701076",,"http://127.0.1.1:8080/agents/dfs_ccrs_1","http://127.0.1.1:8080/cells/21/9",,"-1",,
"baseline-vs-ccrs-v1","002-ccrs","dfs_ccrs.jcm","both","mase-events.jsonl","4999","run-2026-05-24T12-07-23-157Z","6418934","unknown","TRANSACTION","1779624701060","1779624701076",,"dfs_ccrs_1",,"http://127.0.1.1:8080/cells/21/9","5248","POST","COMMITTED"
"baseline-vs-ccrs-v1","002-ccrs","dfs_ccrs.jcm","both","mase-events.jsonl","5000","run-2026-05-24T12-07-23-157Z","6418935","unknown","AGENT_MOVED","1779624701194","1779624701209",,"http://127.0.1.1:8080/agents/dfs_ccrs_1","http://127.0.1.1:8080/cells/22/9",,"-1",,
"baseline-vs-ccrs-v1","002-ccrs","dfs_ccrs.jcm","both","mase-events.jsonl","5001","run-2026-05-24T12-07-23-157Z","6418936","unknown","TRANSACTION","1779624701197","1779624701209",,"dfs_ccrs_1",,"http://127.0.1.1:8080/cells/22/9","5249","POST","COMMITTED"
"baseline-vs-ccrs-v1","002-ccrs","dfs_ccrs.jcm","both","mase-events.jsonl","5002","run-2026-05-24T12-07-23-157Z","6418937","unknown","AGENT_MOVED","1779624701327","1779624701336",,"http://127.0.1.1:8080/agents/dfs_ccrs_1","http://127.0.1.1:8080/cells/23/9",,"-1",,
"baseline-vs-ccrs-v1","002-ccrs","dfs_ccrs.jcm","both","mase-events.jsonl","5003","run-2026-05-24T12-07-23-157Z","6418938","unknown","TRANSACTION","1779624701339","1779624701348",,"dfs_ccrs_1",,"http://127.0.1.1:8080/cells/23/9","5250","POST","COMMITTED"
"baseline-vs-ccrs-v1","002-ccrs","dfs_ccrs.jcm","both","mase-events.jsonl","5004","run-2026-05-24T12-07-23-157Z","6418939","unknown","AGENT_MOVED","1779624701454","1779624701475",,"http://127.0.1.1:8080/agents/dfs_ccrs_1","http://127.0.1.1:8080/cells/23/10",,"-1",,
"baseline-vs-ccrs-v1","002-ccrs","dfs_ccrs.jcm","both","mase-events.jsonl","5005","run-2026-05-24T12-07-23-157Z","6418940","unknown","TRANSACTION","1779624701455","1779624701475",,"dfs_ccrs_1",,"http://127.0.1.1:8080/cells/23/10","5251","POST","COMMITTED"
"baseline-vs-ccrs-v1","002-ccrs","dfs_ccrs.jcm","both","mase-events.jsonl","5006","run-2026-05-24T12-07-23-157Z","6418941","unknown","AGENT_MOVED","1779624701597","1779624701609",,"http://127.0.1.1:8080/agents/dfs_ccrs_1","http://127.0.1.1:8080/cells/24/10",,"-1",,
"baseline-vs-ccrs-v1","002-ccrs","dfs_ccrs.jcm","both","mase-events.jsonl","5007","run-2026-05-24T12-07-23-157Z","6418942","unknown","TRANSACTION","1779624701599","1779624701609",,"dfs_ccrs_1",,"http://127.0.1.1:8080/cells/24/10","5252","POST","COMMITTED"
"baseline-vs-ccrs-v1","002-ccrs","dfs_ccrs.jcm","both","mase-events.jsonl","5008","run-2026-05-24T12-07-23-157Z","6418943","unknown","AGENT_MOVED","1779624701730","1779624701742",,"http://127.0.1.1:8080/agents/dfs_ccrs_1","http://127.0.1.1:8080/cells/25/10",,"-1",,
"baseline-vs-ccrs-v1","002-ccrs","dfs_ccrs.jcm","both","mase-events.jsonl","5009","run-2026-05-24T12-07-23-157Z","6418944","unknown","TRANSACTION","1779624701731","1779624701742",,"dfs_ccrs_1",,"http://127.0.1.1:8080/cells/25/10","5253","POST","COMMITTED"
"baseline-vs-ccrs-v1","002-ccrs","dfs_ccrs.jcm","both","mase-events.jsonl","5010","run-2026-05-24T12-07-23-157Z","6418945","unknown","AGENT_MOVED","1779624701858","1779624701876",,"http://127.0.1.1:8080/agents/dfs_ccrs_1","http://127.0.1.1:8080/cells/26/10",,"-1",,
"baseline-vs-ccrs-v1","002-ccrs","dfs_ccrs.jcm","both","mase-events.jsonl","5011","run-2026-05-24T12-07-23-157Z","6418946","unknown","TRANSACTION","1779624701860","1779624701876",,"dfs_ccrs_1",,"http://127.0.1.1:8080/cells/26/10","5254","POST","COMMITTED"
"baseline-vs-ccrs-v1","002-ccrs","dfs_ccrs.jcm","both","mase-events.jsonl","5012","run-2026-05-24T12-07-23-157Z","6418947","unknown","AGENT_MOVED","1779624701979","1779624701992",,"http://127.0.1.1:8080/agents/dfs_ccrs_1","http://127.0.1.1:8080/cells/26/11",,"-1",,
"baseline-vs-ccrs-v1","002-ccrs","dfs_ccrs.jcm","both","mase-events.jsonl","5013","run-2026-05-24T12-07-23-157Z","6418948","unknown","TRANSACTION","1779624701981","1779624701992",,"dfs_ccrs_1",,"http://127.0.1.1:8080/cells/26/11","5255","POST","COMMITTED"
"baseline-vs-ccrs-v1","002-ccrs","dfs_ccrs.jcm","both","mase-events.jsonl","5014","run-2026-05-24T12-07-23-157Z","6418949","unknown","AGENT_MOVED","1779624702098","1779624702110",,"http://127.0.1.1:8080/agents/dfs_ccrs_1","http://127.0.1.1:8080/cells/27/11",,"-1",,
"baseline-vs-ccrs-v1","002-ccrs","dfs_ccrs.jcm","both","mase-events.jsonl","5015","run-2026-05-24T12-07-23-157Z","6418950","unknown","TRANSACTION","1779624702099","1779624702110",,"dfs_ccrs_1",,"http://127.0.1.1:8080/cells/27/11","5256","POST","COMMITTED"
"baseline-vs-ccrs-v1","002-ccrs","dfs_ccrs.jcm","both","mase-events.jsonl","5016","run-2026-05-24T12-07-23-157Z","6418951","unknown","AGENT_MOVED","1779624702225","1779624702243",,"http://127.0.1.1:8080/agents/dfs_ccrs_1","http://127.0.1.1:8080/cells/28/11",,"-1",,
"baseline-vs-ccrs-v1","002-ccrs","dfs_ccrs.jcm","both","mase-events.jsonl","5017","run-2026-05-24T12-07-23-157Z","6418952","unknown","TRANSACTION","1779624702229","1779624702243",,"dfs_ccrs_1",,"http://127.0.1.1:8080/cells/28/11","5257","POST","COMMITTED"
"baseline-vs-ccrs-v1","002-ccrs","dfs_ccrs.jcm","both","mase-events.jsonl","5018","run-2026-05-24T12-07-23-157Z","6418953","unknown","AGENT_MOVED","1779624702357","1779624702376",,"http://127.0.1.1:8080/agents/dfs_ccrs_1","http://127.0.1.1:8080/cells/28/12",,"-1",,
"baseline-vs-ccrs-v1","002-ccrs","dfs_ccrs.jcm","both","mase-events.jsonl","5019","run-2026-05-24T12-07-23-157Z","6418954","unknown","TRANSACTION","1779624702361","1779624702376",,"dfs_ccrs_1",,"http://127.0.1.1:8080/cells/28/12","5258","POST","COMMITTED"
"baseline-vs-ccrs-v1","002-ccrs","dfs_ccrs.jcm","both","mase-events.jsonl","5020","run-2026-05-24T12-07-23-157Z","6418955","unknown","AGENT_MOVED","1779624702488","1779624702509",,"http://127.0.1.1:8080/agents/dfs_ccrs_1","http://127.0.1.1:8080/cells/28/13",,"-1",,
"baseline-vs-ccrs-v1","002-ccrs","dfs_ccrs.jcm","both","mase-events.jsonl","5021","run-2026-05-24T12-07-23-157Z","6418956","unknown","TRANSACTION","1779624702492","1779624702509",,"dfs_ccrs_1",,"http://127.0.1.1:8080/cells/28/13","5259","POST","COMMITTED"
"baseline-vs-ccrs-v1","002-ccrs","dfs_ccrs.jcm","both","mase-events.jsonl","5022","run-2026-05-24T12-07-23-157Z","6418957","unknown","AGENT_MOVED","1779624702621","1779624702642",,"http://127.0.1.1:8080/agents/dfs_ccrs_1","http://127.0.1.1:8080/cells/28/14",,"-1",,
"baseline-vs-ccrs-v1","002-ccrs","dfs_ccrs.jcm","both","mase-events.jsonl","5023","run-2026-05-24T12-07-23-157Z","6418958","unknown","TRANSACTION","1779624702623","1779624702642",,"dfs_ccrs_1",,"http://127.0.1.1:8080/cells/28/14","5260","POST","COMMITTED"
"baseline-vs-ccrs-v1","002-ccrs","dfs_ccrs.jcm","both","mase-events.jsonl","5024","run-2026-05-24T12-07-23-157Z","6418959","unknown","AGENT_MOVED","1779624702749","1779624702755",,"http://127.0.1.1:8080/agents/dfs_ccrs_1","http://127.0.1.1:8080/cells/28/15",,"-1",,
"baseline-vs-ccrs-v1","002-ccrs","dfs_ccrs.jcm","both","mase-events.jsonl","5025","run-2026-05-24T12-07-23-157Z","6418960","unknown","TRANSACTION","1779624702759","1779624702773",,"dfs_ccrs_1",,"http://127.0.1.1:8080/cells/28/15","5261","POST","COMMITTED"
"baseline-vs-ccrs-v1","002-ccrs","dfs_ccrs.jcm","both","mase-events.jsonl","5026","run-2026-05-24T12-07-23-157Z","6418961","unknown","AGENT_MOVED","1779624702870","1779624702893",,"http://127.0.1.1:8080/agents/dfs_ccrs_1","http://127.0.1.1:8080/cells/29/15",,"-1",,
"baseline-vs-ccrs-v1","002-ccrs","dfs_ccrs.jcm","both","mase-events.jsonl","5027","run-2026-05-24T12-07-23-157Z","6418962","unknown","TRANSACTION","1779624702871","1779624702893",,"dfs_ccrs_1",,"http://127.0.1.1:8080/cells/29/15","5262","POST","COMMITTED"
"baseline-vs-ccrs-v1","002-ccrs","dfs_ccrs.jcm","both","mase-events.jsonl","5028","run-2026-05-24T12-07-23-157Z","6418963","unknown","AGENT_MOVED","1779624702994","1779624703010",,"http://127.0.1.1:8080/agents/dfs_ccrs_1","http://127.0.1.1:8080/cells/29/16",,"-1",,
"baseline-vs-ccrs-v1","002-ccrs","dfs_ccrs.jcm","both","mase-events.jsonl","5029","run-2026-05-24T12-07-23-157Z","6418964","unknown","TRANSACTION","1779624702995","1779624703010",,"dfs_ccrs_1",,"http://127.0.1.1:8080/cells/29/16","5263","POST","COMMITTED"
"baseline-vs-ccrs-v1","002-ccrs","dfs_ccrs.jcm","both","mase-events.jsonl","5030","run-2026-05-24T12-07-23-157Z","6418965","unknown","AGENT_MOVED","1779624703123","1779624703142",,"http://127.0.1.1:8080/agents/dfs_ccrs_1","http://127.0.1.1:8080/cells/30/16",,"-1",,
"baseline-vs-ccrs-v1","002-ccrs","dfs_ccrs.jcm","both","mase-events.jsonl","5031","run-2026-05-24T12-07-23-157Z","6418966","unknown","TRANSACTION","1779624703124","1779624703142",,"dfs_ccrs_1",,"http://127.0.1.1:8080/cells/30/16","5264","POST","COMMITTED"
"baseline-vs-ccrs-v1","002-ccrs","dfs_ccrs.jcm","both","mase-events.jsonl","5032","run-2026-05-24T12-07-23-157Z","6418967","unknown","AGENT_MOVED","1779624703247","1779624703259",,"http://127.0.1.1:8080/agents/dfs_ccrs_1","http://127.0.1.1:8080/cells/31/16",,"-1",,
"baseline-vs-ccrs-v1","002-ccrs","dfs_ccrs.jcm","both","mase-events.jsonl","5033","run-2026-05-24T12-07-23-157Z","6418968","unknown","TRANSACTION","1779624703248","1779624703259",,"dfs_ccrs_1",,"http://127.0.1.1:8080/cells/31/16","5265","POST","COMMITTED"
"baseline-vs-ccrs-v1","002-ccrs","dfs_ccrs.jcm","both","mase-events.jsonl","5034","run-2026-05-24T12-07-23-157Z","6418969","unknown","AGENT_MOVED","1779624703371","1779624703393",,"http://127.0.1.1:8080/agents/dfs_ccrs_1","http://127.0.1.1:8080/cells/31/17",,"-1",,
"baseline-vs-ccrs-v1","002-ccrs","dfs_ccrs.jcm","both","mase-events.jsonl","5035","run-2026-05-24T12-07-23-157Z","6418970","unknown","TRANSACTION","1779624703373","1779624703393",,"dfs_ccrs_1",,"http://127.0.1.1:8080/cells/31/17","5266","POST","COMMITTED"
"baseline-vs-ccrs-v1","002-ccrs","dfs_ccrs.jcm","both","mase-events.jsonl","5036","run-2026-05-24T12-07-23-157Z","6418971","unknown","AGENT_MOVED","1779624703495","1779624703511",,"http://127.0.1.1:8080/agents/dfs_ccrs_1","http://127.0.1.1:8080/cells/32/17",,"-1",,
"baseline-vs-ccrs-v1","002-ccrs","dfs_ccrs.jcm","both","mase-events.jsonl","5037","run-2026-05-24T12-07-23-157Z","6418972","unknown","TRANSACTION","1779624703497","1779624703511",,"dfs_ccrs_1",,"http://127.0.1.1:8080/cells/32/17","5267","POST","COMMITTED"
"baseline-vs-ccrs-v1","002-ccrs","dfs_ccrs.jcm","both","mase-events.jsonl","5038","run-2026-05-24T12-07-23-157Z","6418973","unknown","AGENT_MOVED","1779624703620","1779624703644",,"http://127.0.1.1:8080/agents/dfs_ccrs_1","http://127.0.1.1:8080/cells/32/18",,"-1",,
"baseline-vs-ccrs-v1","002-ccrs","dfs_ccrs.jcm","both","mase-events.jsonl","5039","run-2026-05-24T12-07-23-157Z","6418974","unknown","TRANSACTION","1779624703622","1779624703644",,"dfs_ccrs_1",,"http://127.0.1.1:8080/cells/32/18","5268","POST","COMMITTED"
"baseline-vs-ccrs-v1","002-ccrs","dfs_ccrs.jcm","both","mase-events.jsonl","5040","run-2026-05-24T12-07-23-157Z","6418975","unknown","AGENT_MOVED","1779624703745","1779624703760",,"http://127.0.1.1:8080/agents/dfs_ccrs_1","http://127.0.1.1:8080/cells/32/19",,"-1",,
"baseline-vs-ccrs-v1","002-ccrs","dfs_ccrs.jcm","both","mase-events.jsonl","5041","run-2026-05-24T12-07-23-157Z","6418976","unknown","TRANSACTION","1779624703748","1779624703760",,"dfs_ccrs_1",,"http://127.0.1.1:8080/cells/32/19","5269","POST","COMMITTED"
"baseline-vs-ccrs-v1","002-ccrs","dfs_ccrs.jcm","both","mase-events.jsonl","5042","run-2026-05-24T12-07-23-157Z","6418977","unknown","AGENT_MOVED","1779624703871","1779624703894",,"http://127.0.1.1:8080/agents/dfs_ccrs_1","http://127.0.1.1:8080/cells/33/19",,"-1",,
"baseline-vs-ccrs-v1","002-ccrs","dfs_ccrs.jcm","both","mase-events.jsonl","5043","run-2026-05-24T12-07-23-157Z","6418978","unknown","TRANSACTION","1779624703872","1779624703894",,"dfs_ccrs_1",,"http://127.0.1.1:8080/cells/33/19","5270","POST","COMMITTED"
"baseline-vs-ccrs-v1","002-ccrs","dfs_ccrs.jcm","both","mase-events.jsonl","5044","run-2026-05-24T12-07-23-157Z","6418979","unknown","AGENT_MOVED","1779624703999","1779624704009",,"http://127.0.1.1:8080/agents/dfs_ccrs_1","http://127.0.1.1:8080/cells/34/19",,"-1",,
"baseline-vs-ccrs-v1","002-ccrs","dfs_ccrs.jcm","both","mase-events.jsonl","5045","run-2026-05-24T12-07-23-157Z","6418980","unknown","TRANSACTION","1779624704000","1779624704009",,"dfs_ccrs_1",,"http://127.0.1.1:8080/cells/34/19","5271","POST","COMMITTED"
"baseline-vs-ccrs-v1","002-ccrs","dfs_ccrs.jcm","both","mase-events.jsonl","5046","run-2026-05-24T12-07-23-157Z","6418981","unknown","AGENT_MOVED","1779624704126","1779624704146",,"http://127.0.1.1:8080/agents/dfs_ccrs_1","http://127.0.1.1:8080/cells/34/20",,"-1",,
"baseline-vs-ccrs-v1","002-ccrs","dfs_ccrs.jcm","both","mase-events.jsonl","5047","run-2026-05-24T12-07-23-157Z","6418982","unknown","TRANSACTION","1779624704128","1779624704146",,"dfs_ccrs_1",,"http://127.0.1.1:8080/cells/34/20","5272","POST","COMMITTED"
"baseline-vs-ccrs-v1","002-ccrs","dfs_ccrs.jcm","both","mase-events.jsonl","5048","run-2026-05-24T12-07-23-157Z","6418983","unknown","AGENT_MOVED","1779624704267","1779624704275",,"http://127.0.1.1:8080/agents/dfs_ccrs_1","http://127.0.1.1:8080/cells/34/21",,"-1",,
"baseline-vs-ccrs-v1","002-ccrs","dfs_ccrs.jcm","both","mase-events.jsonl","5049","run-2026-05-24T12-07-23-157Z","6418984","unknown","TRANSACTION","1779624704268","1779624704275",,"dfs_ccrs_1",,"http://127.0.1.1:8080/cells/34/21","5273","POST","COMMITTED"
"baseline-vs-ccrs-v1","002-ccrs","dfs_ccrs.jcm","both","mase-events.jsonl","5050","run-2026-05-24T12-07-23-157Z","6418985","unknown","AGENT_MOVED","1779624704391","1779624704413",,"http://127.0.1.1:8080/agents/dfs_ccrs_1","http://127.0.1.1:8080/cells/35/21",,"-1",,
"baseline-vs-ccrs-v1","002-ccrs","dfs_ccrs.jcm","both","mase-events.jsonl","5051","run-2026-05-24T12-07-23-157Z","6418986","unknown","TRANSACTION","1779624704393","1779624704413",,"dfs_ccrs_1",,"http://127.0.1.1:8080/cells/35/21","5274","POST","COMMITTED"
"baseline-vs-ccrs-v1","002-ccrs","dfs_ccrs.jcm","both","mase-events.jsonl","5052","run-2026-05-24T12-07-23-157Z","6418987","unknown","AGENT_MOVED","1779624704522","1779624704543",,"http://127.0.1.1:8080/agents/dfs_ccrs_1","http://127.0.1.1:8080/cells/36/21",,"-1",,
"baseline-vs-ccrs-v1","002-ccrs","dfs_ccrs.jcm","both","mase-events.jsonl","5053","run-2026-05-24T12-07-23-157Z","6418988","unknown","TRANSACTION","1779624704524","1779624704543",,"dfs_ccrs_1",,"http://127.0.1.1:8080/cells/36/21","5275","POST","COMMITTED"
"baseline-vs-ccrs-v1","002-ccrs","dfs_ccrs.jcm","both","mase-events.jsonl","5054","run-2026-05-24T12-07-23-157Z","6418989","unknown","AGENT_MOVED","1779624704638","1779624704661",,"http://127.0.1.1:8080/agents/dfs_ccrs_1","http://127.0.1.1:8080/cells/36/22",,"-1",,
"baseline-vs-ccrs-v1","002-ccrs","dfs_ccrs.jcm","both","mase-events.jsonl","5055","run-2026-05-24T12-07-23-157Z","6418990","unknown","TRANSACTION","1779624704640","1779624704661",,"dfs_ccrs_1",,"http://127.0.1.1:8080/cells/36/22","5276","POST","COMMITTED"
"baseline-vs-ccrs-v1","002-ccrs","dfs_ccrs.jcm","both","mase-events.jsonl","5056","run-2026-05-24T12-07-23-157Z","6418991","unknown","AGENT_MOVED","1779624704752","1779624704756",,"http://127.0.1.1:8080/agents/dfs_ccrs_1","http://127.0.1.1:8080/cells/36/23",,"-1",,
"baseline-vs-ccrs-v1","002-ccrs","dfs_ccrs.jcm","both","mase-events.jsonl","5057","run-2026-05-24T12-07-23-157Z","6418992","unknown","TRANSACTION","1779624704760","1779624704783",,"dfs_ccrs_1",,"http://127.0.1.1:8080/cells/36/23","5277","POST","COMMITTED"
"baseline-vs-ccrs-v1","002-ccrs","dfs_ccrs.jcm","both","mase-events.jsonl","5058","run-2026-05-24T12-07-23-157Z","6418993","unknown","AGENT_MOVED","1779624704873","1779624704896",,"http://127.0.1.1:8080/agents/dfs_ccrs_1","http://127.0.1.1:8080/cells/37/23",,"-1",,
"baseline-vs-ccrs-v1","002-ccrs","dfs_ccrs.jcm","both","mase-events.jsonl","5059","run-2026-05-24T12-07-23-157Z","6418994","unknown","TRANSACTION","1779624704875","1779624704896",,"dfs_ccrs_1",,"http://127.0.1.1:8080/cells/37/23","5278","POST","COMMITTED"
"baseline-vs-ccrs-v1","002-ccrs","dfs_ccrs.jcm","both","mase-events.jsonl","5060","run-2026-05-24T12-07-23-157Z","6418995","unknown","AGENT_MOVED","1779624705005","1779624705027",,"http://127.0.1.1:8080/agents/dfs_ccrs_1","http://127.0.1.1:8080/cells/37/24",,"-1",,
"baseline-vs-ccrs-v1","002-ccrs","dfs_ccrs.jcm","both","mase-events.jsonl","5061","run-2026-05-24T12-07-23-157Z","6418996","unknown","TRANSACTION","1779624705008","1779624705027",,"dfs_ccrs_1",,"http://127.0.1.1:8080/cells/37/24","5279","POST","COMMITTED"
"baseline-vs-ccrs-v1","002-ccrs","dfs_ccrs.jcm","both","mase-events.jsonl","5062","run-2026-05-24T12-07-23-157Z","6418997","unknown","AGENT_MOVED","1779624705143","1779624705160",,"http://127.0.1.1:8080/agents/dfs_ccrs_1","http://127.0.1.1:8080/cells/37/25",,"-1",,
"baseline-vs-ccrs-v1","002-ccrs","dfs_ccrs.jcm","both","mase-events.jsonl","5063","run-2026-05-24T12-07-23-157Z","6418998","unknown","TRANSACTION","1779624705146","1779624705160",,"dfs_ccrs_1",,"http://127.0.1.1:8080/cells/37/25","5280","POST","COMMITTED"
"baseline-vs-ccrs-v1","002-ccrs","dfs_ccrs.jcm","both","mase-events.jsonl","5064","run-2026-05-24T12-07-23-157Z","6418999","unknown","AGENT_MOVED","1779624705283","1779624705294",,"http://127.0.1.1:8080/agents/dfs_ccrs_1","http://127.0.1.1:8080/cells/37/26",,"-1",,
"baseline-vs-ccrs-v1","002-ccrs","dfs_ccrs.jcm","both","mase-events.jsonl","5065","run-2026-05-24T12-07-23-157Z","6419000","unknown","TRANSACTION","1779624705285","1779624705294",,"dfs_ccrs_1",,"http://127.0.1.1:8080/cells/37/26","5281","POST","COMMITTED"
"baseline-vs-ccrs-v1","002-ccrs","dfs_ccrs.jcm","both","mase-events.jsonl","5066","run-2026-05-24T12-07-23-157Z","6419001","unknown","AGENT_MOVED","1779624705407","1779624705427",,"http://127.0.1.1:8080/agents/dfs_ccrs_1","http://127.0.1.1:8080/cells/37/27",,"-1",,
"baseline-vs-ccrs-v1","002-ccrs","dfs_ccrs.jcm","both","mase-events.jsonl","5067","run-2026-05-24T12-07-23-157Z","6419002","unknown","TRANSACTION","1779624705408","1779624705427",,"dfs_ccrs_1",,"http://127.0.1.1:8080/cells/37/27","5282","POST","COMMITTED"
"baseline-vs-ccrs-v1","002-ccrs","dfs_ccrs.jcm","both","mase-events.jsonl","5068","run-2026-05-24T12-07-23-157Z","6419003","unknown","AGENT_MOVED","1779624705532","1779624705543",,"http://127.0.1.1:8080/agents/dfs_ccrs_1","http://127.0.1.1:8080/cells/37/28",,"-1",,
"baseline-vs-ccrs-v1","002-ccrs","dfs_ccrs.jcm","both","mase-events.jsonl","5069","run-2026-05-24T12-07-23-157Z","6419004","unknown","TRANSACTION","1779624705532","1779624705543",,"dfs_ccrs_1",,"http://127.0.1.1:8080/cells/37/28","5283","POST","COMMITTED"
"baseline-vs-ccrs-v1","002-ccrs","dfs_ccrs.jcm","both","mase-events.jsonl","5070","run-2026-05-24T12-07-23-157Z","6419005","unknown","AGENT_MOVED","1779624705656","1779624705677",,"http://127.0.1.1:8080/agents/dfs_ccrs_1","http://127.0.1.1:8080/cells/37/29",,"-1",,
"baseline-vs-ccrs-v1","002-ccrs","dfs_ccrs.jcm","both","mase-events.jsonl","5071","run-2026-05-24T12-07-23-157Z","6419006","unknown","TRANSACTION","1779624705657","1779624705677",,"dfs_ccrs_1",,"http://127.0.1.1:8080/cells/37/29","5284","POST","COMMITTED"
"baseline-vs-ccrs-v1","002-ccrs","dfs_ccrs.jcm","both","mase-events.jsonl","5072","run-2026-05-24T12-07-23-157Z","6419007","unknown","AGENT_MOVED","1779624705784","1779624705795",,"http://127.0.1.1:8080/agents/dfs_ccrs_1","http://127.0.1.1:8080/cells/37/30",,"-1",,
"baseline-vs-ccrs-v1","002-ccrs","dfs_ccrs.jcm","both","mase-events.jsonl","5073","run-2026-05-24T12-07-23-157Z","6419008","unknown","TRANSACTION","1779624705797","1779624705805",,"dfs_ccrs_1",,"http://127.0.1.1:8080/cells/37/30","5285","POST","COMMITTED"
"baseline-vs-ccrs-v1","002-ccrs","dfs_ccrs.jcm","both","mase-events.jsonl","5074","run-2026-05-24T12-07-23-157Z","6419009","unknown","AGENT_MOVED","1779624705923","1779624705943",,"http://127.0.1.1:8080/agents/dfs_ccrs_1","http://127.0.1.1:8080/cells/37/31",,"-1",,
"baseline-vs-ccrs-v1","002-ccrs","dfs_ccrs.jcm","both","mase-events.jsonl","5075","run-2026-05-24T12-07-23-157Z","6419010","unknown","TRANSACTION","1779624705927","1779624705943",,"dfs_ccrs_1",,"http://127.0.1.1:8080/cells/37/31","5286","POST","COMMITTED"
"baseline-vs-ccrs-v1","002-ccrs","dfs_ccrs.jcm","both","mase-events.jsonl","5076","run-2026-05-24T12-07-23-157Z","6419011","unknown","AGENT_MOVED","1779624706042","1779624706060",,"http://127.0.1.1:8080/agents/dfs_ccrs_1","http://127.0.1.1:8080/cells/36/31",,"-1",,
"baseline-vs-ccrs-v1","002-ccrs","dfs_ccrs.jcm","both","mase-events.jsonl","5077","run-2026-05-24T12-07-23-157Z","6419012","unknown","TRANSACTION","1779624706045","1779624706060",,"dfs_ccrs_1",,"http://127.0.1.1:8080/cells/36/31","5287","POST","COMMITTED"
"baseline-vs-ccrs-v1","002-ccrs","dfs_ccrs.jcm","both","mase-events.jsonl","5078","run-2026-05-24T12-07-23-157Z","6419013","unknown","AGENT_MOVED","1779624706164","1779624706176",,"http://127.0.1.1:8080/agents/dfs_ccrs_1","http://127.0.1.1:8080/cells/35/31",,"-1",,
"baseline-vs-ccrs-v1","002-ccrs","dfs_ccrs.jcm","both","mase-events.jsonl","5079","run-2026-05-24T12-07-23-157Z","6419014","unknown","TRANSACTION","1779624706167","1779624706176",,"dfs_ccrs_1",,"http://127.0.1.1:8080/cells/35/31","5288","POST","COMMITTED"
"baseline-vs-ccrs-v1","002-ccrs","dfs_ccrs.jcm","both","mase-events.jsonl","5080","run-2026-05-24T12-07-23-157Z","6419015","unknown","AGENT_MOVED","1779624706298","1779624706331",,"http://127.0.1.1:8080/agents/dfs_ccrs_1","http://127.0.1.1:8080/cells/35/30",,"-1",,
"baseline-vs-ccrs-v1","002-ccrs","dfs_ccrs.jcm","both","mase-events.jsonl","5081","run-2026-05-24T12-07-23-157Z","6419016","unknown","TRANSACTION","1779624706301","1779624706331",,"dfs_ccrs_1",,"http://127.0.1.1:8080/cells/35/30","5289","POST","COMMITTED"
"baseline-vs-ccrs-v1","002-ccrs","dfs_ccrs.jcm","both","mase-events.jsonl","5082","run-2026-05-24T12-07-23-157Z","6419017","unknown","AGENT_MOVED","1779624706422","1779624706445",,"http://127.0.1.1:8080/agents/dfs_ccrs_1","http://127.0.1.1:8080/cells/35/29",,"-1",,
"baseline-vs-ccrs-v1","002-ccrs","dfs_ccrs.jcm","both","mase-events.jsonl","5083","run-2026-05-24T12-07-23-157Z","6419018","unknown","TRANSACTION","1779624706424","1779624706445",,"dfs_ccrs_1",,"http://127.0.1.1:8080/cells/35/29","5290","POST","COMMITTED"
"baseline-vs-ccrs-v1","002-ccrs","dfs_ccrs.jcm","both","mase-events.jsonl","5084","run-2026-05-24T12-07-23-157Z","6419019","unknown","AGENT_MOVED","1779624706547","1779624706560",,"http://127.0.1.1:8080/agents/dfs_ccrs_1","http://127.0.1.1:8080/cells/35/28",,"-1",,
"baseline-vs-ccrs-v1","002-ccrs","dfs_ccrs.jcm","both","mase-events.jsonl","5085","run-2026-05-24T12-07-23-157Z","6419020","unknown","TRANSACTION","1779624706549","1779624706560",,"dfs_ccrs_1",,"http://127.0.1.1:8080/cells/35/28","5291","POST","COMMITTED"
"baseline-vs-ccrs-v1","002-ccrs","dfs_ccrs.jcm","both","mase-events.jsonl","5086","run-2026-05-24T12-07-23-157Z","6419021","unknown","AGENT_MOVED","1779624706668","1779624706679",,"http://127.0.1.1:8080/agents/dfs_ccrs_1","http://127.0.1.1:8080/cells/35/27",,"-1",,
"baseline-vs-ccrs-v1","002-ccrs","dfs_ccrs.jcm","both","mase-events.jsonl","5087","run-2026-05-24T12-07-23-157Z","6419022","unknown","TRANSACTION","1779624706669","1779624706679",,"dfs_ccrs_1",,"http://127.0.1.1:8080/cells/35/27","5292","POST","COMMITTED"
"baseline-vs-ccrs-v1","002-ccrs","dfs_ccrs.jcm","both","mase-events.jsonl","5088","run-2026-05-24T12-07-23-157Z","6419023","unknown","AGENT_MOVED","1779624706804","1779624706827",,"http://127.0.1.1:8080/agents/dfs_ccrs_1","http://127.0.1.1:8080/cells/34/27",,"-1",,
"baseline-vs-ccrs-v1","002-ccrs","dfs_ccrs.jcm","both","mase-events.jsonl","5089","run-2026-05-24T12-07-23-157Z","6419024","unknown","TRANSACTION","1779624706806","1779624706827",,"dfs_ccrs_1",,"http://127.0.1.1:8080/cells/34/27","5293","POST","COMMITTED"
"baseline-vs-ccrs-v1","002-ccrs","dfs_ccrs.jcm","both","mase-events.jsonl","5090","run-2026-05-24T12-07-23-157Z","6419025","unknown","AGENT_MOVED","1779624706939","1779624706961",,"http://127.0.1.1:8080/agents/dfs_ccrs_1","http://127.0.1.1:8080/cells/33/27",,"-1",,
"baseline-vs-ccrs-v1","002-ccrs","dfs_ccrs.jcm","both","mase-events.jsonl","5091","run-2026-05-24T12-07-23-157Z","6419026","unknown","TRANSACTION","1779624706944","1779624706961",,"dfs_ccrs_1",,"http://127.0.1.1:8080/cells/33/27","5294","POST","COMMITTED"
"baseline-vs-ccrs-v1","002-ccrs","dfs_ccrs.jcm","both","mase-events.jsonl","5092","run-2026-05-24T12-07-23-157Z","6419027","unknown","AGENT_MOVED","1779624707059","1779624707062",,"http://127.0.1.1:8080/agents/dfs_ccrs_1","http://127.0.1.1:8080/cells/33/26",,"-1",,
"baseline-vs-ccrs-v1","002-ccrs","dfs_ccrs.jcm","both","mase-events.jsonl","5093","run-2026-05-24T12-07-23-157Z","6419028","unknown","TRANSACTION","1779624707067","1779624707079",,"dfs_ccrs_1",,"http://127.0.1.1:8080/cells/33/26","5295","POST","COMMITTED"
"baseline-vs-ccrs-v1","002-ccrs","dfs_ccrs.jcm","both","mase-events.jsonl","5094","run-2026-05-24T12-07-23-157Z","6419029","unknown","AGENT_MOVED","1779624707182","1779624707196",,"http://127.0.1.1:8080/agents/dfs_ccrs_1","http://127.0.1.1:8080/cells/33/25",,"-1",,
"baseline-vs-ccrs-v1","002-ccrs","dfs_ccrs.jcm","both","mase-events.jsonl","5095","run-2026-05-24T12-07-23-157Z","6419030","unknown","TRANSACTION","1779624707187","1779624707196",,"dfs_ccrs_1",,"http://127.0.1.1:8080/cells/33/25","5296","POST","COMMITTED"
"baseline-vs-ccrs-v1","002-ccrs","dfs_ccrs.jcm","both","mase-events.jsonl","5096","run-2026-05-24T12-07-23-157Z","6419031","unknown","AGENT_MOVED","1779624707323","1779624707345",,"http://127.0.1.1:8080/agents/dfs_ccrs_1","http://127.0.1.1:8080/cells/33/24",,"-1",,
"baseline-vs-ccrs-v1","002-ccrs","dfs_ccrs.jcm","both","mase-events.jsonl","5097","run-2026-05-24T12-07-23-157Z","6419032","unknown","TRANSACTION","1779624707327","1779624707345",,"dfs_ccrs_1",,"http://127.0.1.1:8080/cells/33/24","5297","POST","COMMITTED"
"baseline-vs-ccrs-v1","002-ccrs","dfs_ccrs.jcm","both","mase-events.jsonl","5098","run-2026-05-24T12-07-23-157Z","6419033","unknown","AGENT_MOVED","1779624707452","1779624707463",,"http://127.0.1.1:8080/agents/dfs_ccrs_1","http://127.0.1.1:8080/cells/32/24",,"-1",,
"baseline-vs-ccrs-v1","002-ccrs","dfs_ccrs.jcm","both","mase-events.jsonl","5099","run-2026-05-24T12-07-23-157Z","6419034","unknown","TRANSACTION","1779624707453","1779624707463",,"dfs_ccrs_1",,"http://127.0.1.1:8080/cells/32/24","5298","POST","COMMITTED"
"baseline-vs-ccrs-v1","002-ccrs","dfs_ccrs.jcm","both","mase-events.jsonl","5100","run-2026-05-24T12-07-23-157Z","6419035","unknown","AGENT_MOVED","1779624707583","1779624707590",,"http://127.0.1.1:8080/agents/dfs_ccrs_1","http://127.0.1.1:8080/cells/31/24",,"-1",,
"baseline-vs-ccrs-v1","002-ccrs","dfs_ccrs.jcm","both","mase-events.jsonl","5101","run-2026-05-24T12-07-23-157Z","6419036","unknown","TRANSACTION","1779624707594","1779624707615",,"dfs_ccrs_1",,"http://127.0.1.1:8080/cells/31/24","5299","POST","COMMITTED"
"baseline-vs-ccrs-v1","002-ccrs","dfs_ccrs.jcm","both","mase-events.jsonl","5102","run-2026-05-24T12-07-23-157Z","6419037","unknown","AGENT_MOVED","1779624707719","1779624707729",,"http://127.0.1.1:8080/agents/dfs_ccrs_1","http://127.0.1.1:8080/cells/31/25",,"-1",,
"baseline-vs-ccrs-v1","002-ccrs","dfs_ccrs.jcm","both","mase-events.jsonl","5103","run-2026-05-24T12-07-23-157Z","6419038","unknown","TRANSACTION","1779624707721","1779624707729",,"dfs_ccrs_1",,"http://127.0.1.1:8080/cells/31/25","5300","POST","COMMITTED"
"baseline-vs-ccrs-v1","002-ccrs","dfs_ccrs.jcm","both","mase-events.jsonl","5104","run-2026-05-24T12-07-23-157Z","6419039","unknown","AGENT_MOVED","1779624707848","1779624707861",,"http://127.0.1.1:8080/agents/dfs_ccrs_1","http://127.0.1.1:8080/cells/31/26",,"-1",,
"baseline-vs-ccrs-v1","002-ccrs","dfs_ccrs.jcm","both","mase-events.jsonl","5105","run-2026-05-24T12-07-23-157Z","6419040","unknown","TRANSACTION","1779624707851","1779624707861",,"dfs_ccrs_1",,"http://127.0.1.1:8080/cells/31/26","5301","POST","COMMITTED"
"baseline-vs-ccrs-v1","002-ccrs","dfs_ccrs.jcm","both","mase-events.jsonl","5106","run-2026-05-24T12-07-23-157Z","6419041","unknown","AGENT_MOVED","1779624707976","1779624707997",,"http://127.0.1.1:8080/agents/dfs_ccrs_1","http://127.0.1.1:8080/cells/31/27",,"-1",,
"baseline-vs-ccrs-v1","002-ccrs","dfs_ccrs.jcm","both","mase-events.jsonl","5107","run-2026-05-24T12-07-23-157Z","6419042","unknown","TRANSACTION","1779624707978","1779624707997",,"dfs_ccrs_1",,"http://127.0.1.1:8080/cells/31/27","5302","POST","COMMITTED"
"baseline-vs-ccrs-v1","002-ccrs","dfs_ccrs.jcm","both","mase-events.jsonl","5108","run-2026-05-24T12-07-23-157Z","6419043","unknown","AGENT_MOVED","1779624708102","1779624708107",,"http://127.0.1.1:8080/agents/dfs_ccrs_1","http://127.0.1.1:8080/cells/31/28",,"-1",,
"baseline-vs-ccrs-v1","002-ccrs","dfs_ccrs.jcm","both","mase-events.jsonl","5109","run-2026-05-24T12-07-23-157Z","6419044","unknown","TRANSACTION","1779624708110","1779624708132",,"dfs_ccrs_1",,"http://127.0.1.1:8080/cells/31/28","5303","POST","COMMITTED"
"baseline-vs-ccrs-v1","002-ccrs","dfs_ccrs.jcm","both","mase-events.jsonl","5110","run-2026-05-24T12-07-23-157Z","6419045","unknown","AGENT_MOVED","1779624708225","1779624708245",,"http://127.0.1.1:8080/agents/dfs_ccrs_1","http://127.0.1.1:8080/cells/31/29",,"-1",,
"baseline-vs-ccrs-v1","002-ccrs","dfs_ccrs.jcm","both","mase-events.jsonl","5111","run-2026-05-24T12-07-23-157Z","6419046","unknown","TRANSACTION","1779624708227","1779624708245",,"dfs_ccrs_1",,"http://127.0.1.1:8080/cells/31/29","5304","POST","COMMITTED"
"baseline-vs-ccrs-v1","002-ccrs","dfs_ccrs.jcm","both","mase-events.jsonl","5112","run-2026-05-24T12-07-23-157Z","6419047","unknown","AGENT_MOVED","1779624708352","1779624708358",,"http://127.0.1.1:8080/agents/dfs_ccrs_1","http://127.0.1.1:8080/cells/31/30",,"-1",,
"baseline-vs-ccrs-v1","002-ccrs","dfs_ccrs.jcm","both","mase-events.jsonl","5113","run-2026-05-24T12-07-23-157Z","6419048","unknown","TRANSACTION","1779624708362","1779624708378",,"dfs_ccrs_1",,"http://127.0.1.1:8080/cells/31/30","5305","POST","COMMITTED"
"baseline-vs-ccrs-v1","002-ccrs","dfs_ccrs.jcm","both","mase-events.jsonl","5114","run-2026-05-24T12-07-23-157Z","6419049","unknown","AGENT_MOVED","1779624708476","1779624708494",,"http://127.0.1.1:8080/agents/dfs_ccrs_1","http://127.0.1.1:8080/cells/32/30",,"-1",,
"baseline-vs-ccrs-v1","002-ccrs","dfs_ccrs.jcm","both","mase-events.jsonl","5115","run-2026-05-24T12-07-23-157Z","6419050","unknown","TRANSACTION","1779624708479","1779624708494",,"dfs_ccrs_1",,"http://127.0.1.1:8080/cells/32/30","5306","POST","COMMITTED"
"baseline-vs-ccrs-v1","002-ccrs","dfs_ccrs.jcm","both","mase-events.jsonl","5116","run-2026-05-24T12-07-23-157Z","6419051","unknown","AGENT_MOVED","1779624708592","1779624708610",,"http://127.0.1.1:8080/agents/dfs_ccrs_1","http://127.0.1.1:8080/cells/33/30",,"-1",,
"baseline-vs-ccrs-v1","002-ccrs","dfs_ccrs.jcm","both","mase-events.jsonl","5117","run-2026-05-24T12-07-23-157Z","6419052","unknown","TRANSACTION","1779624708596","1779624708610",,"dfs_ccrs_1",,"http://127.0.1.1:8080/cells/33/30","5307","POST","COMMITTED"
"baseline-vs-ccrs-v1","002-ccrs","dfs_ccrs.jcm","both","mase-events.jsonl","5118","run-2026-05-24T12-07-23-157Z","6419053","unknown","AGENT_MOVED","1779624708719","1779624708722",,"http://127.0.1.1:8080/agents/dfs_ccrs_1","http://127.0.1.1:8080/cells/33/31",,"-1",,
"baseline-vs-ccrs-v1","002-ccrs","dfs_ccrs.jcm","both","mase-events.jsonl","5119","run-2026-05-24T12-07-23-157Z","6419054","unknown","TRANSACTION","1779624708728","1779624708747",,"dfs_ccrs_1",,"http://127.0.1.1:8080/cells/33/31","5308","POST","COMMITTED"
"baseline-vs-ccrs-v1","002-ccrs","dfs_ccrs.jcm","both","mase-events.jsonl","5120","run-2026-05-24T12-07-23-157Z","6419055","unknown","AGENT_MOVED","1779624708851","1779624708858",,"http://127.0.1.1:8080/agents/dfs_ccrs_1","http://127.0.1.1:8080/cells/33/32",,"-1",,
"baseline-vs-ccrs-v1","002-ccrs","dfs_ccrs.jcm","both","mase-events.jsonl","5121","run-2026-05-24T12-07-23-157Z","6419056","unknown","TRANSACTION","1779624708864","1779624708878",,"dfs_ccrs_1",,"http://127.0.1.1:8080/cells/33/32","5309","POST","COMMITTED"
"baseline-vs-ccrs-v1","002-ccrs","dfs_ccrs.jcm","both","mase-events.jsonl","5122","run-2026-05-24T12-07-23-157Z","6419057","unknown","AGENT_MOVED","1779624708977","1779624708995",,"http://127.0.1.1:8080/agents/dfs_ccrs_1","http://127.0.1.1:8080/cells/33/33",,"-1",,
"baseline-vs-ccrs-v1","002-ccrs","dfs_ccrs.jcm","both","mase-events.jsonl","5123","run-2026-05-24T12-07-23-157Z","6419058","unknown","TRANSACTION","1779624708980","1779624708995",,"dfs_ccrs_1",,"http://127.0.1.1:8080/cells/33/33","5310","POST","COMMITTED"
"baseline-vs-ccrs-v1","002-ccrs","dfs_ccrs.jcm","both","mase-events.jsonl","5124","run-2026-05-24T12-07-23-157Z","6419059","unknown","AGENT_MOVED","1779624709112","1779624709129",,"http://127.0.1.1:8080/agents/dfs_ccrs_1","http://127.0.1.1:8080/cells/33/34",,"-1",,
"baseline-vs-ccrs-v1","002-ccrs","dfs_ccrs.jcm","both","mase-events.jsonl","5125","run-2026-05-24T12-07-23-157Z","6419060","unknown","TRANSACTION","1779624709114","1779624709129",,"dfs_ccrs_1",,"http://127.0.1.1:8080/cells/33/34","5311","POST","COMMITTED"
"baseline-vs-ccrs-v1","002-ccrs","dfs_ccrs.jcm","both","mase-events.jsonl","5126","run-2026-05-24T12-07-23-157Z","6419061","unknown","AGENT_MOVED","1779624709254","1779624709278",,"http://127.0.1.1:8080/agents/dfs_ccrs_1","http://127.0.1.1:8080/cells/33/35",,"-1",,
"baseline-vs-ccrs-v1","002-ccrs","dfs_ccrs.jcm","both","mase-events.jsonl","5127","run-2026-05-24T12-07-23-157Z","6419062","unknown","TRANSACTION","1779624709256","1779624709278",,"dfs_ccrs_1",,"http://127.0.1.1:8080/cells/33/35","5312","POST","COMMITTED"
"baseline-vs-ccrs-v1","002-ccrs","dfs_ccrs.jcm","both","mase-events.jsonl","5128","run-2026-05-24T12-07-23-157Z","6419063","unknown","AGENT_MOVED","1779624709381","1779624709394",,"http://127.0.1.1:8080/agents/dfs_ccrs_1","http://127.0.1.1:8080/cells/33/36",,"-1",,
"baseline-vs-ccrs-v1","002-ccrs","dfs_ccrs.jcm","both","mase-events.jsonl","5129","run-2026-05-24T12-07-23-157Z","6419064","unknown","TRANSACTION","1779624709385","1779624709394",,"dfs_ccrs_1",,"http://127.0.1.1:8080/cells/33/36","5313","POST","COMMITTED"
"baseline-vs-ccrs-v1","002-ccrs","dfs_ccrs.jcm","both","mase-events.jsonl","5130","run-2026-05-24T12-07-23-157Z","6419065","unknown","AGENT_MOVED","1779624709499","1779624709514",,"http://127.0.1.1:8080/agents/dfs_ccrs_1","http://127.0.1.1:8080/cells/34/36",,"-1",,
"baseline-vs-ccrs-v1","002-ccrs","dfs_ccrs.jcm","both","mase-events.jsonl","5131","run-2026-05-24T12-07-23-157Z","6419066","unknown","TRANSACTION","1779624709503","1779624709514",,"dfs_ccrs_1",,"http://127.0.1.1:8080/cells/34/36","5314","POST","COMMITTED"
"baseline-vs-ccrs-v1","002-ccrs","dfs_ccrs.jcm","both","mase-events.jsonl","5132","run-2026-05-24T12-07-23-157Z","6419067","unknown","AGENT_MOVED","1779624709629","1779624709645",,"http://127.0.1.1:8080/agents/dfs_ccrs_1","http://127.0.1.1:8080/cells/35/36",,"-1",,
"baseline-vs-ccrs-v1","002-ccrs","dfs_ccrs.jcm","both","mase-events.jsonl","5133","run-2026-05-24T12-07-23-157Z","6419068","unknown","TRANSACTION","1779624709632","1779624709645",,"dfs_ccrs_1",,"http://127.0.1.1:8080/cells/35/36","5315","POST","COMMITTED"
"baseline-vs-ccrs-v1","002-ccrs","dfs_ccrs.jcm","both","mase-events.jsonl","5134","run-2026-05-24T12-07-23-157Z","6419069","unknown","AGENT_MOVED","1779624709755","1779624709778",,"http://127.0.1.1:8080/agents/dfs_ccrs_1","http://127.0.1.1:8080/cells/36/36",,"-1",,
"baseline-vs-ccrs-v1","002-ccrs","dfs_ccrs.jcm","both","mase-events.jsonl","5135","run-2026-05-24T12-07-23-157Z","6419070","unknown","TRANSACTION","1779624709760","1779624709778",,"dfs_ccrs_1",,"http://127.0.1.1:8080/cells/36/36","5316","POST","COMMITTED"
"baseline-vs-ccrs-v1","002-ccrs","dfs_ccrs.jcm","both","mase-events.jsonl","5136","run-2026-05-24T12-07-23-157Z","6419071","unknown","TRANSACTION","1779624715710","1779624715730",,"dfs_ccrs_1",,"http://127.0.1.1:8080/cells/36/36","5317","POST","COMMITTED"
"baseline-vs-ccrs-v1","002-ccrs","dfs_ccrs.jcm","both","mase-events.jsonl","5137","run-2026-05-24T12-07-23-157Z","6419072","unknown","AGENT_MOVED","1779624715832","1779624715848",,"http://127.0.1.1:8080/agents/dfs_ccrs_1","http://127.0.1.1:8080/cells/36/37",,"-1",,
"baseline-vs-ccrs-v1","002-ccrs","dfs_ccrs.jcm","both","mase-events.jsonl","5138","run-2026-05-24T12-07-23-157Z","6419073","unknown","TRANSACTION","1779624715835","1779624715848",,"dfs_ccrs_1",,"http://127.0.1.1:8080/cells/36/37","5318","POST","COMMITTED"
"baseline-vs-ccrs-v1","002-ccrs","dfs_ccrs.jcm","both","mase-events.jsonl","5139","run-2026-05-24T12-07-23-157Z","6419074","unknown","AGENT_MOVED","1779624715949","1779624715965",,"http://127.0.1.1:8080/agents/dfs_ccrs_1","http://127.0.1.1:8080/cells/36/38",,"-1",,
"baseline-vs-ccrs-v1","002-ccrs","dfs_ccrs.jcm","both","mase-events.jsonl","5140","run-2026-05-24T12-07-23-157Z","6419075","unknown","TRANSACTION","1779624715953","1779624715965",,"dfs_ccrs_1",,"http://127.0.1.1:8080/cells/36/38","5319","POST","COMMITTED"
"baseline-vs-ccrs-v1","002-ccrs","dfs_ccrs.jcm","both","mase-events.jsonl","5141","run-2026-05-24T12-07-23-157Z","6419076","unknown","AGENT_MOVED","1779624716063","1779624716080",,"http://127.0.1.1:8080/agents/dfs_ccrs_1","http://127.0.1.1:8080/cells/36/39",,"-1",,
"baseline-vs-ccrs-v1","002-ccrs","dfs_ccrs.jcm","both","mase-events.jsonl","5142","run-2026-05-24T12-07-23-157Z","6419077","unknown","TRANSACTION","1779624716064","1779624716080",,"dfs_ccrs_1",,"http://127.0.1.1:8080/cells/36/39","5320","POST","COMMITTED"
"baseline-vs-ccrs-v1","002-ccrs","dfs_ccrs.jcm","both","mase-events.jsonl","5143","run-2026-05-24T12-07-23-157Z","6419078","unknown","AGENT_MOVED","1779624716180","1779624716198",,"http://127.0.1.1:8080/agents/dfs_ccrs_1","http://127.0.1.1:8080/cells/35/39",,"-1",,
"baseline-vs-ccrs-v1","002-ccrs","dfs_ccrs.jcm","both","mase-events.jsonl","5144","run-2026-05-24T12-07-23-157Z","6419079","unknown","TRANSACTION","1779624716182","1779624716198",,"dfs_ccrs_1",,"http://127.0.1.1:8080/cells/35/39","5321","POST","COMMITTED"
"baseline-vs-ccrs-v1","002-ccrs","dfs_ccrs.jcm","both","mase-events.jsonl","5145","run-2026-05-24T12-07-23-157Z","6419080","unknown","AGENT_MOVED","1779624716290","1779624716294",,"http://127.0.1.1:8080/agents/dfs_ccrs_1","http://127.0.1.1:8080/cells/34/39",,"-1",,
"baseline-vs-ccrs-v1","002-ccrs","dfs_ccrs.jcm","both","mase-events.jsonl","5146","run-2026-05-24T12-07-23-157Z","6419081","unknown","TRANSACTION","1779624716298","1779624716313",,"dfs_ccrs_1",,"http://127.0.1.1:8080/cells/34/39","5322","POST","COMMITTED"
"baseline-vs-ccrs-v1","002-ccrs","dfs_ccrs.jcm","both","mase-events.jsonl","5147","run-2026-05-24T12-07-23-157Z","6419082","unknown","AGENT_MOVED","1779624716414","1779624716432",,"http://127.0.1.1:8080/agents/dfs_ccrs_1","http://127.0.1.1:8080/cells/34/40",,"-1",,
"baseline-vs-ccrs-v1","002-ccrs","dfs_ccrs.jcm","both","mase-events.jsonl","5148","run-2026-05-24T12-07-23-157Z","6419083","unknown","TRANSACTION","1779624716416","1779624716432",,"dfs_ccrs_1",,"http://127.0.1.1:8080/cells/34/40","5323","POST","COMMITTED"
"baseline-vs-ccrs-v1","002-ccrs","dfs_ccrs.jcm","both","mase-events.jsonl","5149","run-2026-05-24T12-07-23-157Z","6419084","unknown","AGENT_MOVED","1779624716531","1779624716550",,"http://127.0.1.1:8080/agents/dfs_ccrs_1","http://127.0.1.1:8080/cells/33/40",,"-1",,
"baseline-vs-ccrs-v1","002-ccrs","dfs_ccrs.jcm","both","mase-events.jsonl","5150","run-2026-05-24T12-07-23-157Z","6419085","unknown","TRANSACTION","1779624716533","1779624716550",,"dfs_ccrs_1",,"http://127.0.1.1:8080/cells/33/40","5324","POST","COMMITTED"
"baseline-vs-ccrs-v1","002-ccrs","dfs_ccrs.jcm","both","mase-events.jsonl","5151","run-2026-05-24T12-07-23-157Z","6419086","unknown","AGENT_MOVED","1779624716652","1779624716665",,"http://127.0.1.1:8080/agents/dfs_ccrs_1","http://127.0.1.1:8080/cells/32/40",,"-1",,
"baseline-vs-ccrs-v1","002-ccrs","dfs_ccrs.jcm","both","mase-events.jsonl","5152","run-2026-05-24T12-07-23-157Z","6419087","unknown","TRANSACTION","1779624716655","1779624716665",,"dfs_ccrs_1",,"http://127.0.1.1:8080/cells/32/40","5325","POST","COMMITTED"
"baseline-vs-ccrs-v1","002-ccrs","dfs_ccrs.jcm","both","mase-events.jsonl","5153","run-2026-05-24T12-07-23-157Z","6419088","unknown","AGENT_MOVED","1779624716779","1779624716799",,"http://127.0.1.1:8080/agents/dfs_ccrs_1","http://127.0.1.1:8080/cells/31/40",,"-1",,
"baseline-vs-ccrs-v1","002-ccrs","dfs_ccrs.jcm","both","mase-events.jsonl","5154","run-2026-05-24T12-07-23-157Z","6419089","unknown","TRANSACTION","1779624716784","1779624716799",,"dfs_ccrs_1",,"http://127.0.1.1:8080/cells/31/40","5326","POST","COMMITTED"
"baseline-vs-ccrs-v1","002-ccrs","dfs_ccrs.jcm","both","mase-events.jsonl","5155","run-2026-05-24T12-07-23-157Z","6419090","unknown","AGENT_MOVED","1779624716898","1779624716915",,"http://127.0.1.1:8080/agents/dfs_ccrs_1","http://127.0.1.1:8080/cells/31/41",,"-1",,
"baseline-vs-ccrs-v1","002-ccrs","dfs_ccrs.jcm","both","mase-events.jsonl","5156","run-2026-05-24T12-07-23-157Z","6419091","unknown","TRANSACTION","1779624716902","1779624716915",,"dfs_ccrs_1",,"http://127.0.1.1:8080/cells/31/41","5327","POST","COMMITTED"
"baseline-vs-ccrs-v1","002-ccrs","dfs_ccrs.jcm","both","mase-events.jsonl","5157","run-2026-05-24T12-07-23-157Z","6419092","unknown","AGENT_MOVED","1779624717024","1779624717051",,"http://127.0.1.1:8080/agents/dfs_ccrs_1","http://127.0.1.1:8080/cells/31/42",,"-1",,
"baseline-vs-ccrs-v1","002-ccrs","dfs_ccrs.jcm","both","mase-events.jsonl","5158","run-2026-05-24T12-07-23-157Z","6419093","unknown","TRANSACTION","1779624717026","1779624717051",,"dfs_ccrs_1",,"http://127.0.1.1:8080/cells/31/42","5328","POST","COMMITTED"
"baseline-vs-ccrs-v1","002-ccrs","dfs_ccrs.jcm","both","mase-events.jsonl","5159","run-2026-05-24T12-07-23-157Z","6419094","unknown","AGENT_MOVED","1779624717147","1779624717165",,"http://127.0.1.1:8080/agents/dfs_ccrs_1","http://127.0.1.1:8080/cells/31/43",,"-1",,
"baseline-vs-ccrs-v1","002-ccrs","dfs_ccrs.jcm","both","mase-events.jsonl","5160","run-2026-05-24T12-07-23-157Z","6419095","unknown","TRANSACTION","1779624717149","1779624717165",,"dfs_ccrs_1",,"http://127.0.1.1:8080/cells/31/43","5329","POST","COMMITTED"
"baseline-vs-ccrs-v1","002-ccrs","dfs_ccrs.jcm","both","mase-events.jsonl","5161","run-2026-05-24T12-07-23-157Z","6419096","unknown","AGENT_MOVED","1779624717263","1779624717281",,"http://127.0.1.1:8080/agents/dfs_ccrs_1","http://127.0.1.1:8080/cells/32/43",,"-1",,
"baseline-vs-ccrs-v1","002-ccrs","dfs_ccrs.jcm","both","mase-events.jsonl","5162","run-2026-05-24T12-07-23-157Z","6419097","unknown","TRANSACTION","1779624717267","1779624717281",,"dfs_ccrs_1",,"http://127.0.1.1:8080/cells/32/43","5330","POST","COMMITTED"
"baseline-vs-ccrs-v1","002-ccrs","dfs_ccrs.jcm","both","mase-events.jsonl","5163","run-2026-05-24T12-07-23-157Z","6419098","unknown","AGENT_MOVED","1779624717386","1779624717398",,"http://127.0.1.1:8080/agents/dfs_ccrs_1","http://127.0.1.1:8080/cells/33/43",,"-1",,
"baseline-vs-ccrs-v1","002-ccrs","dfs_ccrs.jcm","both","mase-events.jsonl","5164","run-2026-05-24T12-07-23-157Z","6419099","unknown","TRANSACTION","1779624717387","1779624717398",,"dfs_ccrs_1",,"http://127.0.1.1:8080/cells/33/43","5331","POST","COMMITTED"
"baseline-vs-ccrs-v1","002-ccrs","dfs_ccrs.jcm","both","mase-events.jsonl","5165","run-2026-05-24T12-07-23-157Z","6419100","unknown","AGENT_MOVED","1779624717506","1779624717513",,"http://127.0.1.1:8080/agents/dfs_ccrs_1","http://127.0.1.1:8080/cells/34/43",,"-1",,
"baseline-vs-ccrs-v1","002-ccrs","dfs_ccrs.jcm","both","mase-events.jsonl","5166","run-2026-05-24T12-07-23-157Z","6419101","unknown","TRANSACTION","1779624717517","1779624717531",,"dfs_ccrs_1",,"http://127.0.1.1:8080/cells/34/43","5332","POST","COMMITTED"
"baseline-vs-ccrs-v1","002-ccrs","dfs_ccrs.jcm","both","mase-events.jsonl","5167","run-2026-05-24T12-07-23-157Z","6419102","unknown","AGENT_MOVED","1779624717635","1779624717647",,"http://127.0.1.1:8080/agents/dfs_ccrs_1","http://127.0.1.1:8080/cells/35/43",,"-1",,
"baseline-vs-ccrs-v1","002-ccrs","dfs_ccrs.jcm","both","mase-events.jsonl","5168","run-2026-05-24T12-07-23-157Z","6419103","unknown","TRANSACTION","1779624717637","1779624717647",,"dfs_ccrs_1",,"http://127.0.1.1:8080/cells/35/43","5333","POST","COMMITTED"
"baseline-vs-ccrs-v1","002-ccrs","dfs_ccrs.jcm","both","mase-events.jsonl","5169","run-2026-05-24T12-07-23-157Z","6419104","unknown","AGENT_MOVED","1779624717746","1779624717770",,"http://127.0.1.1:8080/agents/dfs_ccrs_1","http://127.0.1.1:8080/cells/36/43",,"-1",,
"baseline-vs-ccrs-v1","002-ccrs","dfs_ccrs.jcm","both","mase-events.jsonl","5170","run-2026-05-24T12-07-23-157Z","6419105","unknown","TRANSACTION","1779624717748","1779624717770",,"dfs_ccrs_1",,"http://127.0.1.1:8080/cells/36/43","5334","POST","COMMITTED"
"baseline-vs-ccrs-v1","002-ccrs","dfs_ccrs.jcm","both","mase-events.jsonl","5171","run-2026-05-24T12-07-23-157Z","6419106","unknown","AGENT_MOVED","1779624717865","1779624717883",,"http://127.0.1.1:8080/agents/dfs_ccrs_1","http://127.0.1.1:8080/cells/37/43",,"-1",,
"baseline-vs-ccrs-v1","002-ccrs","dfs_ccrs.jcm","both","mase-events.jsonl","5172","run-2026-05-24T12-07-23-157Z","6419107","unknown","TRANSACTION","1779624717867","1779624717883",,"dfs_ccrs_1",,"http://127.0.1.1:8080/cells/37/43","5335","POST","COMMITTED"
"baseline-vs-ccrs-v1","002-ccrs","dfs_ccrs.jcm","both","mase-events.jsonl","5173","run-2026-05-24T12-07-23-157Z","6419108","unknown","AGENT_MOVED","1779624717984","1779624717990",,"http://127.0.1.1:8080/agents/dfs_ccrs_1","http://127.0.1.1:8080/cells/38/43",,"-1",,
"baseline-vs-ccrs-v1","002-ccrs","dfs_ccrs.jcm","both","mase-events.jsonl","5174","run-2026-05-24T12-07-23-157Z","6419109","unknown","TRANSACTION","1779624717998","1779624718010",,"dfs_ccrs_1",,"http://127.0.1.1:8080/cells/38/43","5336","POST","COMMITTED"
"baseline-vs-ccrs-v1","002-ccrs","dfs_ccrs.jcm","both","mase-events.jsonl","5175","run-2026-05-24T12-07-23-157Z","6419110","unknown","AGENT_MOVED","1779624718102","1779624718115",,"http://127.0.1.1:8080/agents/dfs_ccrs_1","http://127.0.1.1:8080/cells/39/43",,"-1",,
"baseline-vs-ccrs-v1","002-ccrs","dfs_ccrs.jcm","both","mase-events.jsonl","5176","run-2026-05-24T12-07-23-157Z","6419111","unknown","TRANSACTION","1779624718104","1779624718115",,"dfs_ccrs_1",,"http://127.0.1.1:8080/cells/39/43","5337","POST","COMMITTED"
"baseline-vs-ccrs-v1","002-ccrs","dfs_ccrs.jcm","both","mase-events.jsonl","5177","run-2026-05-24T12-07-23-157Z","6419112","unknown","AGENT_MOVED","1779624718215","1779624718231",,"http://127.0.1.1:8080/agents/dfs_ccrs_1","http://127.0.1.1:8080/cells/39/44",,"-1",,
"baseline-vs-ccrs-v1","002-ccrs","dfs_ccrs.jcm","both","mase-events.jsonl","5178","run-2026-05-24T12-07-23-157Z","6419113","unknown","TRANSACTION","1779624718217","1779624718231",,"dfs_ccrs_1",,"http://127.0.1.1:8080/cells/39/44","5338","POST","COMMITTED"
"baseline-vs-ccrs-v1","002-ccrs","dfs_ccrs.jcm","both","mase-events.jsonl","5179","run-2026-05-24T12-07-23-157Z","6419114","unknown","AGENT_MOVED","1779624718326","1779624718349",,"http://127.0.1.1:8080/agents/dfs_ccrs_1","http://127.0.1.1:8080/cells/40/44",,"-1",,
"baseline-vs-ccrs-v1","002-ccrs","dfs_ccrs.jcm","both","mase-events.jsonl","5180","run-2026-05-24T12-07-23-157Z","6419115","unknown","TRANSACTION","1779624718328","1779624718349",,"dfs_ccrs_1",,"http://127.0.1.1:8080/cells/40/44","5339","POST","COMMITTED"
"baseline-vs-ccrs-v1","002-ccrs","dfs_ccrs.jcm","both","mase-events.jsonl","5181","run-2026-05-24T12-07-23-157Z","6419116","unknown","AGENT_MOVED","1779624718450","1779624718465",,"http://127.0.1.1:8080/agents/dfs_ccrs_1","http://127.0.1.1:8080/cells/41/44",,"-1",,
"baseline-vs-ccrs-v1","002-ccrs","dfs_ccrs.jcm","both","mase-events.jsonl","5182","run-2026-05-24T12-07-23-157Z","6419117","unknown","TRANSACTION","1779624718452","1779624718465",,"dfs_ccrs_1",,"http://127.0.1.1:8080/cells/41/44","5340","POST","COMMITTED"
"baseline-vs-ccrs-v1","002-ccrs","dfs_ccrs.jcm","both","mase-events.jsonl","5183","run-2026-05-24T12-07-23-157Z","6419118","unknown","AGENT_MOVED","1779624718569","1779624718581",,"http://127.0.1.1:8080/agents/dfs_ccrs_1","http://127.0.1.1:8080/cells/41/45",,"-1",,
"baseline-vs-ccrs-v1","002-ccrs","dfs_ccrs.jcm","both","mase-events.jsonl","5184","run-2026-05-24T12-07-23-157Z","6419119","unknown","TRANSACTION","1779624718571","1779624718581",,"dfs_ccrs_1",,"http://127.0.1.1:8080/cells/41/45","5341","POST","COMMITTED"
"baseline-vs-ccrs-v1","002-ccrs","dfs_ccrs.jcm","both","mase-events.jsonl","5185","run-2026-05-24T12-07-23-157Z","6419120","unknown","AGENT_MOVED","1779624718694","1779624718717",,"http://127.0.1.1:8080/agents/dfs_ccrs_1","http://127.0.1.1:8080/cells/41/46",,"-1",,
"baseline-vs-ccrs-v1","002-ccrs","dfs_ccrs.jcm","both","mase-events.jsonl","5186","run-2026-05-24T12-07-23-157Z","6419121","unknown","TRANSACTION","1779624718695","1779624718717",,"dfs_ccrs_1",,"http://127.0.1.1:8080/cells/41/46","5342","POST","COMMITTED"
"baseline-vs-ccrs-v1","002-ccrs","dfs_ccrs.jcm","both","mase-events.jsonl","5187","run-2026-05-24T12-07-23-157Z","6419122","unknown","AGENT_MOVED","1779624718823","1779624718831",,"http://127.0.1.1:8080/agents/dfs_ccrs_1","http://127.0.1.1:8080/cells/40/46",,"-1",,
"baseline-vs-ccrs-v1","002-ccrs","dfs_ccrs.jcm","both","mase-events.jsonl","5188","run-2026-05-24T12-07-23-157Z","6419123","unknown","TRANSACTION","1779624718836","1779624718848",,"dfs_ccrs_1",,"http://127.0.1.1:8080/cells/40/46","5343","POST","COMMITTED"
"baseline-vs-ccrs-v1","002-ccrs","dfs_ccrs.jcm","both","mase-events.jsonl","5189","run-2026-05-24T12-07-23-157Z","6419124","unknown","AGENT_MOVED","1779624718948","1779624718966",,"http://127.0.1.1:8080/agents/dfs_ccrs_1","http://127.0.1.1:8080/cells/40/47",,"-1",,
"baseline-vs-ccrs-v1","002-ccrs","dfs_ccrs.jcm","both","mase-events.jsonl","5190","run-2026-05-24T12-07-23-157Z","6419125","unknown","TRANSACTION","1779624718950","1779624718966",,"dfs_ccrs_1",,"http://127.0.1.1:8080/cells/40/47","5344","POST","COMMITTED"
"baseline-vs-ccrs-v1","002-ccrs","dfs_ccrs.jcm","both","mase-events.jsonl","5191","run-2026-05-24T12-07-23-157Z","6419126","unknown","AGENT_MOVED","1779624719057","1779624719065",,"http://127.0.1.1:8080/agents/dfs_ccrs_1","http://127.0.1.1:8080/cells/40/46",,"-1",,
"baseline-vs-ccrs-v1","002-ccrs","dfs_ccrs.jcm","both","mase-events.jsonl","5192","run-2026-05-24T12-07-23-157Z","6419127","unknown","TRANSACTION","1779624719067","1779624719081",,"dfs_ccrs_1",,"http://127.0.1.1:8080/cells/40/46","5345","POST","COMMITTED"
"baseline-vs-ccrs-v1","002-ccrs","dfs_ccrs.jcm","both","mase-events.jsonl","5193","run-2026-05-24T12-07-23-157Z","6419128","unknown","AGENT_MOVED","1779624719211","1779624719236",,"http://127.0.1.1:8080/agents/dfs_ccrs_1","http://127.0.1.1:8080/cells/41/46",,"-1",,
"baseline-vs-ccrs-v1","002-ccrs","dfs_ccrs.jcm","both","mase-events.jsonl","5194","run-2026-05-24T12-07-23-157Z","6419129","unknown","TRANSACTION","1779624719216","1779624719236",,"dfs_ccrs_1",,"http://127.0.1.1:8080/cells/41/46","5346","POST","COMMITTED"
"baseline-vs-ccrs-v1","002-ccrs","dfs_ccrs.jcm","both","mase-events.jsonl","5195","run-2026-05-24T12-07-23-157Z","6419130","unknown","AGENT_MOVED","1779624719338","1779624719349",,"http://127.0.1.1:8080/agents/dfs_ccrs_1","http://127.0.1.1:8080/cells/41/45",,"-1",,
"baseline-vs-ccrs-v1","002-ccrs","dfs_ccrs.jcm","both","mase-events.jsonl","5196","run-2026-05-24T12-07-23-157Z","6419131","unknown","TRANSACTION","1779624719339","1779624719349",,"dfs_ccrs_1",,"http://127.0.1.1:8080/cells/41/45","5347","POST","COMMITTED"
"baseline-vs-ccrs-v1","002-ccrs","dfs_ccrs.jcm","both","mase-events.jsonl","5197","run-2026-05-24T12-07-23-157Z","6419132","unknown","AGENT_MOVED","1779624719452","1779624719466",,"http://127.0.1.1:8080/agents/dfs_ccrs_1","http://127.0.1.1:8080/cells/41/44",,"-1",,
"baseline-vs-ccrs-v1","002-ccrs","dfs_ccrs.jcm","both","mase-events.jsonl","5198","run-2026-05-24T12-07-23-157Z","6419133","unknown","TRANSACTION","1779624719454","1779624719466",,"dfs_ccrs_1",,"http://127.0.1.1:8080/cells/41/44","5348","POST","COMMITTED"
"baseline-vs-ccrs-v1","002-ccrs","dfs_ccrs.jcm","both","mase-events.jsonl","5199","run-2026-05-24T12-07-23-157Z","6419134","unknown","AGENT_MOVED","1779624719577","1779624719600",,"http://127.0.1.1:8080/agents/dfs_ccrs_1","http://127.0.1.1:8080/cells/41/43",,"-1",,
"baseline-vs-ccrs-v1","002-ccrs","dfs_ccrs.jcm","both","mase-events.jsonl","5200","run-2026-05-24T12-07-23-157Z","6419135","unknown","TRANSACTION","1779624719579","1779624719600",,"dfs_ccrs_1",,"http://127.0.1.1:8080/cells/41/43","5349","POST","COMMITTED"
"baseline-vs-ccrs-v1","002-ccrs","dfs_ccrs.jcm","both","mase-events.jsonl","5201","run-2026-05-24T12-07-23-157Z","6419136","unknown","AGENT_MOVED","1779624719701","1779624719716",,"http://127.0.1.1:8080/agents/dfs_ccrs_1","http://127.0.1.1:8080/cells/42/43",,"-1",,
"baseline-vs-ccrs-v1","002-ccrs","dfs_ccrs.jcm","both","mase-events.jsonl","5202","run-2026-05-24T12-07-23-157Z","6419137","unknown","TRANSACTION","1779624719719","1779624719730",,"dfs_ccrs_1",,"http://127.0.1.1:8080/cells/42/43","5350","POST","COMMITTED"
"baseline-vs-ccrs-v1","002-ccrs","dfs_ccrs.jcm","both","mase-events.jsonl","5203","run-2026-05-24T12-07-23-157Z","6419138","unknown","AGENT_MOVED","1779624719814","1779624719832",,"http://127.0.1.1:8080/agents/dfs_ccrs_1","http://127.0.1.1:8080/cells/43/43",,"-1",,
"baseline-vs-ccrs-v1","002-ccrs","dfs_ccrs.jcm","both","mase-events.jsonl","5204","run-2026-05-24T12-07-23-157Z","6419139","unknown","TRANSACTION","1779624719817","1779624719832",,"dfs_ccrs_1",,"http://127.0.1.1:8080/cells/43/43","5351","POST","COMMITTED"
"baseline-vs-ccrs-v1","002-ccrs","dfs_ccrs.jcm","both","mase-events.jsonl","5205","run-2026-05-24T12-07-23-157Z","6419140","unknown","AGENT_MOVED","1779624719936","1779624719949",,"http://127.0.1.1:8080/agents/dfs_ccrs_1","http://127.0.1.1:8080/cells/43/44",,"-1",,
"baseline-vs-ccrs-v1","002-ccrs","dfs_ccrs.jcm","both","mase-events.jsonl","5206","run-2026-05-24T12-07-23-157Z","6419141","unknown","TRANSACTION","1779624719937","1779624719949",,"dfs_ccrs_1",,"http://127.0.1.1:8080/cells/43/44","5352","POST","COMMITTED"
"baseline-vs-ccrs-v1","002-ccrs","dfs_ccrs.jcm","both","mase-events.jsonl","5207","run-2026-05-24T12-07-23-157Z","6419142","unknown","AGENT_MOVED","1779624720059","1779624720063",,"http://127.0.1.1:8080/agents/dfs_ccrs_1","http://127.0.1.1:8080/cells/43/45",,"-1",,
"baseline-vs-ccrs-v1","002-ccrs","dfs_ccrs.jcm","both","mase-events.jsonl","5208","run-2026-05-24T12-07-23-157Z","6419143","unknown","TRANSACTION","1779624720068","1779624720082",,"dfs_ccrs_1",,"http://127.0.1.1:8080/cells/43/45","5353","POST","COMMITTED"
"baseline-vs-ccrs-v1","002-ccrs","dfs_ccrs.jcm","both","mase-events.jsonl","5209","run-2026-05-24T12-07-23-157Z","6419144","unknown","AGENT_MOVED","1779624720186","1779624720200",,"http://127.0.1.1:8080/agents/dfs_ccrs_1","http://127.0.1.1:8080/cells/44/45",,"-1",,
"baseline-vs-ccrs-v1","002-ccrs","dfs_ccrs.jcm","both","mase-events.jsonl","5210","run-2026-05-24T12-07-23-157Z","6419145","unknown","TRANSACTION","1779624720190","1779624720200",,"dfs_ccrs_1",,"http://127.0.1.1:8080/cells/44/45","5354","POST","COMMITTED"
"baseline-vs-ccrs-v1","002-ccrs","dfs_ccrs.jcm","both","mase-events.jsonl","5211","run-2026-05-24T12-07-23-157Z","6419146","unknown","TRANSACTION","1779624729312","1779624729320",,"dfs_ccrs_1",,"http://127.0.1.1:8080/cells/44/45","5355","POST","COMMITTED"
"baseline-vs-ccrs-v1","002-ccrs","dfs_ccrs.jcm","both","mase-events.jsonl","5212","run-2026-05-24T12-07-23-157Z","6419147","unknown","AGENT_MOVED","1779624729438","1779624729453",,"http://127.0.1.1:8080/agents/dfs_ccrs_1","http://127.0.1.1:8080/cells/45/45",,"-1",,
"baseline-vs-ccrs-v1","002-ccrs","dfs_ccrs.jcm","both","mase-events.jsonl","5213","run-2026-05-24T12-07-23-157Z","6419148","unknown","TRANSACTION","1779624729440","1779624729453",,"dfs_ccrs_1",,"http://127.0.1.1:8080/cells/45/45","5356","POST","COMMITTED"
"baseline-vs-ccrs-v1","002-ccrs","dfs_ccrs.jcm","both","mase-events.jsonl","5214","run-2026-05-24T12-07-23-157Z","6419149","unknown","AGENT_MOVED","1779624729550","1779624729569",,"http://127.0.1.1:8080/agents/dfs_ccrs_1","http://127.0.1.1:8080/cells/46/45",,"-1",,
"baseline-vs-ccrs-v1","002-ccrs","dfs_ccrs.jcm","both","mase-events.jsonl","5215","run-2026-05-24T12-07-23-157Z","6419150","unknown","TRANSACTION","1779624729554","1779624729569",,"dfs_ccrs_1",,"http://127.0.1.1:8080/cells/46/45","5357","POST","COMMITTED"
"baseline-vs-ccrs-v1","002-ccrs","dfs_ccrs.jcm","both","mase-events.jsonl","5216","run-2026-05-24T12-07-23-157Z","6419151","unknown","AGENT_MOVED","1779624729662","1779624729672",,"http://127.0.1.1:8080/agents/dfs_ccrs_1","http://127.0.1.1:8080/cells/47/45",,"-1",,
"baseline-vs-ccrs-v1","002-ccrs","dfs_ccrs.jcm","both","mase-events.jsonl","5217","run-2026-05-24T12-07-23-157Z","6419152","unknown","TRANSACTION","1779624729664","1779624729672",,"dfs_ccrs_1",,"http://127.0.1.1:8080/cells/47/45","5358","POST","COMMITTED"
"baseline-vs-ccrs-v1","002-ccrs","dfs_ccrs.jcm","both","mase-events.jsonl","5218","run-2026-05-24T12-07-23-157Z","6419153","unknown","AGENT_MOVED","1779624729782","1779624729805",,"http://127.0.1.1:8080/agents/dfs_ccrs_1","http://127.0.1.1:8080/cells/47/46",,"-1",,
"baseline-vs-ccrs-v1","002-ccrs","dfs_ccrs.jcm","both","mase-events.jsonl","5219","run-2026-05-24T12-07-23-157Z","6419154","unknown","TRANSACTION","1779624729787","1779624729805",,"dfs_ccrs_1",,"http://127.0.1.1:8080/cells/47/46","5359","POST","COMMITTED"
"baseline-vs-ccrs-v1","002-ccrs","dfs_ccrs.jcm","both","mase-events.jsonl","5220","run-2026-05-24T12-07-23-157Z","6419155","unknown","AGENT_MOVED","1779624729901","1779624729923",,"http://127.0.1.1:8080/agents/dfs_ccrs_1","http://127.0.1.1:8080/cells/47/47",,"-1",,
"baseline-vs-ccrs-v1","002-ccrs","dfs_ccrs.jcm","both","mase-events.jsonl","5221","run-2026-05-24T12-07-23-157Z","6419156","unknown","TRANSACTION","1779624729902","1779624729923",,"dfs_ccrs_1",,"http://127.0.1.1:8080/cells/47/47","5360","POST","COMMITTED"
"baseline-vs-ccrs-v1","002-ccrs","dfs_ccrs.jcm","both","mase-events.jsonl","5222","run-2026-05-24T12-07-23-157Z","6419157","unknown","AGENT_MOVED","1779624730018","1779624730038",,"http://127.0.1.1:8080/agents/dfs_ccrs_1","http://127.0.1.1:8080/cells/46/47",,"-1",,
"baseline-vs-ccrs-v1","002-ccrs","dfs_ccrs.jcm","both","mase-events.jsonl","5223","run-2026-05-24T12-07-23-157Z","6419158","unknown","TRANSACTION","1779624730020","1779624730038",,"dfs_ccrs_1",,"http://127.0.1.1:8080/cells/46/47","5361","POST","COMMITTED"
"baseline-vs-ccrs-v1","002-ccrs","dfs_ccrs.jcm","both","mase-events.jsonl","5224","run-2026-05-24T12-07-23-157Z","6419159","unknown","AGENT_MOVED","1779624730140","1779624730154",,"http://127.0.1.1:8080/agents/dfs_ccrs_1","http://127.0.1.1:8080/cells/47/47",,"-1",,
"baseline-vs-ccrs-v1","002-ccrs","dfs_ccrs.jcm","both","mase-events.jsonl","5225","run-2026-05-24T12-07-23-157Z","6419160","unknown","TRANSACTION","1779624730142","1779624730154",,"dfs_ccrs_1",,"http://127.0.1.1:8080/cells/47/47","5362","POST","COMMITTED"
"baseline-vs-ccrs-v1","002-ccrs","dfs_ccrs.jcm","both","mase-events.jsonl","5226","run-2026-05-24T12-07-23-157Z","6419161","unknown","AGENT_MOVED","1779624730262","1779624730269",,"http://127.0.1.1:8080/agents/dfs_ccrs_1","http://127.0.1.1:8080/cells/47/48",,"-1",,
"baseline-vs-ccrs-v1","002-ccrs","dfs_ccrs.jcm","both","mase-events.jsonl","5227","run-2026-05-24T12-07-23-157Z","6419162","unknown","TRANSACTION","1779624730272","1779624730285",,"dfs_ccrs_1",,"http://127.0.1.1:8080/cells/47/48","5363","POST","COMMITTED"
"baseline-vs-ccrs-v1","002-ccrs","dfs_ccrs.jcm","both","mase-events.jsonl","5228","run-2026-05-24T12-07-23-157Z","6419163","unknown","AGENT_MOVED","1779624730372","1779624730389",,"http://127.0.1.1:8080/agents/dfs_ccrs_1","http://127.0.1.1:8080/cells/47/49",,"-1",,
"baseline-vs-ccrs-v1","002-ccrs","dfs_ccrs.jcm","both","mase-events.jsonl","5229","run-2026-05-24T12-07-23-157Z","6419164","unknown","TRANSACTION","1779624730373","1779624730389",,"dfs_ccrs_1",,"http://127.0.1.1:8080/cells/47/49","5364","POST","COMMITTED"
"baseline-vs-ccrs-v1","002-ccrs","dfs_ccrs.jcm","both","mase-events.jsonl","5230","run-2026-05-24T12-07-23-157Z","6419165","unknown","AGENT_MOVED","1779624730487","1779624730506",,"http://127.0.1.1:8080/agents/dfs_ccrs_1","http://127.0.1.1:8080/cells/48/49",,"-1",,
"baseline-vs-ccrs-v1","002-ccrs","dfs_ccrs.jcm","both","mase-events.jsonl","5231","run-2026-05-24T12-07-23-157Z","6419166","unknown","TRANSACTION","1779624730489","1779624730506",,"dfs_ccrs_1",,"http://127.0.1.1:8080/cells/48/49","5365","POST","COMMITTED"
"baseline-vs-ccrs-v1","002-ccrs","dfs_ccrs.jcm","both","mase-events.jsonl","5232","run-2026-05-24T12-07-23-157Z","6419167","unknown","AGENT_MOVED","1779624730597","1779624730601",,"http://127.0.1.1:8080/agents/dfs_ccrs_1","http://127.0.1.1:8080/cells/48/50",,"-1",,
"baseline-vs-ccrs-v1","002-ccrs","dfs_ccrs.jcm","both","mase-events.jsonl","5233","run-2026-05-24T12-07-23-157Z","6419168","unknown","TRANSACTION","1779624730606","1779624730623",,"dfs_ccrs_1",,"http://127.0.1.1:8080/cells/48/50","5366","POST","COMMITTED"
"baseline-vs-ccrs-v1","002-ccrs","dfs_ccrs.jcm","both","mase-events.jsonl","5234","run-2026-05-24T12-07-23-157Z","6419169","unknown","AGENT_MOVED","1779624730732","1779624730756",,"http://127.0.1.1:8080/agents/dfs_ccrs_1","http://127.0.1.1:8080/cells/999",,"-1",,
"baseline-vs-ccrs-v1","002-ccrs","dfs_ccrs.jcm","both","mase-events.jsonl","5235","run-2026-05-24T12-07-23-157Z","6419170","unknown","TRANSACTION","1779624730734","1779624730756",,"dfs_ccrs_1",,"http://127.0.1.1:8080/cells/999","5367","POST","COMMITTED"
